amount,date,category,description/merchant
60.87,2023-05-01,Groceries,Local Supermarket
11.66,2023-05-01,Shopping,Bookshop
25.96,2023-05-01,Shopping,Online Electronics
19.46,2023-05-01,Dining Out,Fast Food Z
17.02,2023-05-01,Dining Out,Sushi Bar
220.56,2023-05-02,Travel,Hotel Stay
55.89,2023-05-03,Health,Doctor Visit
19.73,2023-05-05,Dining Out,Fast Food Z
132.56,2023-05-06,Shopping,Home Decor
92.52,2023-05-06,Health,Gym Membership
25.23,2023-05-06,Dining Out,Pizzeria Bella
97.1,2023-05-07,Health,Therapy Session
63.56,2023-05-07,Utilities,Water Bill
458.21,2023-05-07,Travel,Train Ticket
48.63,2023-05-07,Utilities,Internet Provider
21.92,2023-05-09,Dining Out,Lunch Cafe
33.9,2023-05-09,Transportation,Petrol Station
33.8,2023-05-09,Personal Care,Spa Center
134.81,2023-05-10,Shopping,Bookshop
44.63,2023-05-13,Health,Therapy Session
86.22,2023-05-13,Entertainment,Concert Venue
36.39,2023-05-13,Utilities,Internet Provider
105.78,2023-05-13,Groceries,Local Supermarket
34.3,2023-05-14,Personal Care,Haircut
140.0,2023-05-15,Health,Therapy Session
18.47,2023-05-15,Dining Out,Coffee Shop Downtown
29.58,2023-05-15,Personal Care,Spa Center
103.7,2023-05-15,Utilities,Water Bill
41.47,2023-05-15,Entertainment,Streaming Service Subscription
31.39,2023-05-16,Utilities,Electricity Bill
408.37,2023-05-16,Travel,Flight Booking
23.86,2023-05-18,Entertainment,Concert Venue
32.0,2023-05-18,Transportation,Ride Sharing App
12.49,2023-05-19,Dining Out,Lunch Cafe
229.5,2023-05-20,Travel,Hotel Stay
38.8,2023-05-20,Health,Gym Membership
102.08,2023-05-20,Groceries,Local Supermarket
66.91,2023-05-20,Personal Care,Pharmacy
118.87,2023-05-20,Health,Gym Membership
26.47,2023-05-21,Personal Care,Haircut
15.42,2023-05-21,Transportation,Ride Sharing App
157.07,2023-05-26,Travel,Hotel Stay
14.1,2023-05-26,Entertainment,Cinema Tickets
106.04,2023-05-27,Health,Gym Membership
28.32,2023-05-27,Transportation,Petrol Station
270.79,2023-05-27,Travel,Hotel Stay
16.04,2023-05-28,Dining Out,Fast Food Z
38.74,2023-05-28,Personal Care,Spa Center
149.24,2023-05-30,Shopping,Home Decor
150.21,2023-05-30,Travel,Train Ticket
71.88,2023-05-31,Groceries,Supermarket A
92.54,2023-05-31,Groceries,Local Supermarket
51.67,2023-06-01,Transportation,Ride Sharing App
68.25,2023-06-01,Entertainment,Concert Venue
33.8,2023-06-01,Entertainment,Streaming Service Subscription
15.78,2023-06-02,Personal Care,Haircut
215.59,2023-06-02,Education,Online Course
34.98,2023-06-03,Dining Out,Pizzeria Bella
105.1,2023-06-03,Health,Doctor Visit
30.82,2023-06-03,Dining Out,Fast Food Z
97.27,2023-06-03,Groceries,Supermarket A
96.24,2023-06-04,Health,Gym Membership
38.81,2023-06-05,Dining Out,Pizzeria Bella
74.96,2023-06-05,Entertainment,Concert Venue
43.05,2023-06-07,Shopping,Home Decor
29.1,2023-06-08,Dining Out,Sushi Bar
85.79,2023-06-10,Shopping,Bookshop
67.82,2023-06-10,Entertainment,Cinema Tickets
50.96,2023-06-10,Utilities,Electricity Bill
30.23,2023-06-10,Groceries,Supermarket A
131.62,2023-06-10,Education,Online Course
36.44,2023-06-11,Entertainment,Concert Venue
21.83,2023-06-12,Transportation,Ride Sharing App
140.38,2023-06-12,Utilities,Water Bill
37.92,2023-06-13,Utilities,Water Bill
82.75,2023-06-14,Groceries,Local Supermarket
97.48,2023-06-14,Health,Gym Membership
143.67,2023-06-14,Utilities,Electricity Bill
203.43,2023-06-15,Education,Online Course
63.8,2023-06-15,Personal Care,Haircut
22.92,2023-06-15,Transportation,Petrol Station
69.12,2023-06-15,Entertainment,Streaming Service Subscription
137.51,2023-06-15,Education,Online Course
147.63,2023-06-15,Health,Therapy Session
26.72,2023-06-16,Entertainment,Concert Venue
55.01,2023-06-16,Utilities,Internet Provider
241.62,2023-06-17,Education,Workshop Fee
17.14,2023-06-18,Transportation,Petrol Station
23.53,2023-06-18,Dining Out,Fast Food Z
43.98,2023-06-18,Personal Care,Haircut
111.92,2023-06-18,Shopping,Clothing Store Sale
66.59,2023-06-18,Entertainment,Cinema Tickets
63.22,2023-06-19,Groceries,Supermarket A
485.76,2023-06-19,Travel,Hotel Stay
49.83,2023-06-20,Transportation,Ride Sharing App
59.95,2023-06-20,Health,Doctor Visit
31.35,2023-06-21,Shopping,Online Electronics
64.88,2023-06-22,Groceries,Grocery Store B
137.17,2023-06-24,Utilities,Water Bill
27.76,2023-06-24,Transportation,Ride Sharing App
47.68,2023-06-24,Groceries,Local Supermarket
289.45,2023-06-24,Travel,Hotel Stay
76.29,2023-06-25,Shopping,Clothing Store Sale
10.65,2023-06-25,Personal Care,Pharmacy
289.97,2023-06-25,Travel,Flight Booking
119.91,2023-06-26,Utilities,Water Bill
75.89,2023-06-27,Personal Care,Spa Center
231.61,2023-06-28,Education,Online Course
170.71,2023-06-29,Shopping,Bookshop
31.57,2023-06-30,Personal Care,Haircut
50.44,2023-06-30,Transportation,Petrol Station
38.99,2023-06-30,Dining Out,Coffee Shop Downtown
70.51,2023-06-30,Health,Doctor Visit
30.38,2023-06-30,Dining Out,Lunch Cafe
46.66,2023-07-01,Health,Doctor Visit
80.9,2023-07-01,Entertainment,Streaming Service Subscription
19.29,2023-07-01,Entertainment,Concert Venue
396.78,2023-07-01,Travel,Train Ticket
114.84,2023-07-01,Utilities,Water Bill
216.54,2023-07-02,Education,Bookstore
387.43,2023-07-02,Travel,Hotel Stay
118.74,2023-07-02,Shopping,Online Electronics
139.18,2023-07-02,Utilities,Electricity Bill
84.51,2023-07-02,Groceries,Local Supermarket
21.45,2023-07-03,Transportation,Petrol Station
126.67,2023-07-03,Education,Workshop Fee
165.86,2023-07-04,Education,Bookstore
37.87,2023-07-04,Dining Out,Sushi Bar
23.4,2023-07-05,Transportation,Bus Pass Kiosk
7.95,2023-07-05,Dining Out,Sushi Bar
26.72,2023-07-06,Entertainment,Concert Venue
25.55,2023-07-07,Dining Out,Coffee Shop Downtown
78.25,2023-07-07,Groceries,Grocery Store B
57.5,2023-07-08,Groceries,Grocery Store B
5.12,2023-07-08,Dining Out,Pizzeria Bella
74.61,2023-07-08,Utilities,Electricity Bill
92.92,2023-07-08,Education,Workshop Fee
62.44,2023-07-08,Utilities,Electricity Bill
106.33,2023-07-09,Utilities,Electricity Bill
102.77,2023-07-09,Health,Therapy Session
98.32,2023-07-10,Education,Bookstore
72.34,2023-07-10,Shopping,Bookshop
83.97,2023-07-11,Groceries,Supermarket A
75.64,2023-07-11,Personal Care,Haircut
345.19,2023-07-11,Travel,Hotel Stay
338.42,2023-07-13,Travel,Hotel Stay
416.46,2023-07-13,Travel,Flight Booking
123.04,2023-07-15,Utilities,Electricity Bill
99.2,2023-07-16,Shopping,Bookshop
148.75,2023-07-16,Utilities,Water Bill
19.69,2023-07-16,Transportation,Petrol Station
200.94,2023-07-17,Education,Online Course
25.72,2023-07-17,Transportation,Petrol Station
25.88,2023-07-18,Transportation,Petrol Station
96.68,2023-07-19,Health,Gym Membership
32.82,2023-07-19,Health,Doctor Visit
14.93,2023-07-20,Transportation,Bus Pass Kiosk
58.12,2023-07-22,Entertainment,Cinema Tickets
25.13,2023-07-22,Groceries,Local Supermarket
72.3,2023-07-22,Entertainment,Concert Venue
35.71,2023-07-22,Dining Out,Fast Food Z
21.16,2023-07-23,Personal Care,Haircut
54.95,2023-07-23,Personal Care,Pharmacy
199.31,2023-07-25,Education,Workshop Fee
102.29,2023-07-25,Groceries,Grocery Store B
35.39,2023-07-26,Dining Out,Sushi Bar
36.92,2023-07-26,Groceries,Supermarket A
86.08,2023-07-27,Health,Therapy Session
36.72,2023-07-27,Personal Care,Spa Center
113.41,2023-07-27,Groceries,Local Supermarket
92.76,2023-07-29,Utilities,Water Bill
42.58,2023-07-30,Transportation,Bus Pass Kiosk
52.43,2023-07-30,Shopping,Home Decor
270.76,2023-07-30,Travel,Train Ticket
30.32,2023-07-30,Groceries,Grocery Store B
166.29,2023-07-30,Shopping,Online Electronics
95.25,2023-07-31,Education,Online Course
410.41,2023-07-31,Travel,Train Ticket
53.05,2023-07-31,Utilities,Internet Provider
56.18,2023-08-01,Shopping,Online Electronics
15.05,2023-08-01,Shopping,Online Electronics
202.46,2023-08-01,Travel,Hotel Stay
21.18,2023-08-01,Dining Out,Lunch Cafe
33.67,2023-08-01,Dining Out,Pizzeria Bella
68.57,2023-08-02,Personal Care,Spa Center
87.75,2023-08-02,Groceries,Grocery Store B
51.87,2023-08-02,Utilities,Internet Provider
11.11,2023-08-04,Dining Out,Lunch Cafe
117.19,2023-08-04,Education,Bookstore
321.88,2023-08-04,Travel,Flight Booking
49.46,2023-08-05,Personal Care,Haircut
46.81,2023-08-05,Shopping,Home Decor
31.56,2023-08-05,Entertainment,Cinema Tickets
423.02,2023-08-05,Travel,Train Ticket
14.19,2023-08-05,Dining Out,Sushi Bar
49.7,2023-08-06,Groceries,Grocery Store B
33.43,2023-08-06,Transportation,Bus Pass Kiosk
17.65,2023-08-06,Dining Out,Coffee Shop Downtown
71.18,2023-08-07,Entertainment,Cinema Tickets
109.7,2023-08-07,Health,Gym Membership
53.44,2023-08-07,Entertainment,Cinema Tickets
128.66,2023-08-08,Education,Bookstore
9.5,2023-08-09,Personal Care,Spa Center
128.01,2023-08-09,Utilities,Internet Provider
57.48,2023-08-09,Personal Care,Haircut
89.79,2023-08-10,Shopping,Clothing Store Sale
63.29,2023-08-10,Entertainment,Cinema Tickets
63.74,2023-08-11,Health,Gym Membership
228.3,2023-08-11,Education,Workshop Fee
20.16,2023-08-11,Dining Out,Coffee Shop Downtown
450.91,2023-08-12,Travel,Train Ticket
138.67,2023-08-12,Health,Gym Membership
121.22,2023-08-12,Shopping,Home Decor
31.26,2023-08-13,Utilities,Water Bill
61.34,2023-08-14,Groceries,Supermarket A
114.8,2023-08-14,Utilities,Internet Provider
38.92,2023-08-15,Transportation,Ride Sharing App
46.35,2023-08-15,Transportation,Bus Pass Kiosk
34.78,2023-08-15,Personal Care,Pharmacy
205.97,2023-08-15,Education,Online Course
88.05,2023-08-15,Health,Therapy Session
16.5,2023-08-16,Entertainment,Streaming Service Subscription
35.59,2023-08-16,Dining Out,Sushi Bar
59.62,2023-08-19,Health,Gym Membership
45.13,2023-08-19,Groceries,Grocery Store B
46.07,2023-08-20,Transportation,Ride Sharing App
140.39,2023-08-20,Utilities,Water Bill
37.07,2023-08-20,Dining Out,Sushi Bar
108.28,2023-08-20,Health,Doctor Visit
123.82,2023-08-20,Shopping,Online Electronics
37.79,2023-08-21,Utilities,Internet Provider
84.16,2023-08-21,Shopping,Bookshop
17.36,2023-08-22,Personal Care,Spa Center
158.34,2023-08-24,Education,Workshop Fee
38.44,2023-08-24,Dining Out,Lunch Cafe
92.99,2023-08-25,Entertainment,Cinema Tickets
20.29,2023-08-26,Entertainment,Streaming Service Subscription
40.53,2023-08-26,Entertainment,Cinema Tickets
32.02,2023-08-27,Transportation,Bus Pass Kiosk
75.74,2023-08-27,Health,Doctor Visit
79.65,2023-08-27,Utilities,Water Bill
12.71,2023-08-27,Dining Out,Fast Food Z
26.56,2023-08-27,Health,Doctor Visit
94.81,2023-08-28,Entertainment,Streaming Service Subscription
45.1,2023-08-28,Transportation,Bus Pass Kiosk
32.84,2023-08-29,Transportation,Bus Pass Kiosk
38.92,2023-08-29,Dining Out,Sushi Bar
27.76,2023-08-30,Dining Out,Lunch Cafe
80.03,2023-08-30,Health,Therapy Session
95.17,2023-08-30,Groceries,Grocery Store B
24.12,2023-08-30,Entertainment,Cinema Tickets
165.56,2023-08-30,Shopping,Bookshop
16.46,2023-08-30,Dining Out,Fast Food Z
109.36,2023-09-01,Health,Gym Membership
79.97,2023-09-01,Health,Gym Membership
154.13,2023-09-01,Education,Workshop Fee
101.87,2023-09-02,Shopping,Clothing Store Sale
37.83,2023-09-02,Entertainment,Cinema Tickets
39.42,2023-09-03,Transportation,Petrol Station
100.68,2023-09-03,Utilities,Water Bill
73.1,2023-09-03,Entertainment,Concert Venue
21.43,2023-09-04,Entertainment,Concert Venue
24.34,2023-09-04,Entertainment,Concert Venue
39.93,2023-09-05,Dining Out,Fast Food Z
184.79,2023-09-06,Shopping,Home Decor
80.32,2023-09-07,Shopping,Bookshop
59.73,2023-09-07,Health,Therapy Session
119.97,2023-09-07,Health,Doctor Visit
384.31,2023-09-08,Travel,Hotel Stay
144.99,2023-09-09,Utilities,Electricity Bill
101.21,2023-09-09,Health,Doctor Visit
186.4,2023-09-09,Education,Bookstore
29.62,2023-09-10,Entertainment,Cinema Tickets
16.89,2023-09-10,Dining Out,Fast Food Z
86.78,2023-09-10,Utilities,Internet Provider
103.52,2023-09-10,Utilities,Internet Provider
56.28,2023-09-10,Utilities,Water Bill
51.25,2023-09-11,Entertainment,Cinema Tickets
19.7,2023-09-11,Entertainment,Streaming Service Subscription
296.29,2023-09-13,Travel,Hotel Stay
37.03,2023-09-14,Dining Out,Fast Food Z
59.68,2023-09-14,Utilities,Water Bill
35.52,2023-09-15,Transportation,Petrol Station
149.78,2023-09-15,Education,Workshop Fee
87.15,2023-09-16,Entertainment,Streaming Service Subscription
29.4,2023-09-16,Shopping,Online Electronics
44.62,2023-09-16,Utilities,Water Bill
9.62,2023-09-16,Dining Out,Coffee Shop Downtown
245.54,2023-09-16,Travel,Train Ticket
71.75,2023-09-17,Entertainment,Streaming Service Subscription
116.01,2023-09-17,Health,Therapy Session
89.81,2023-09-17,Health,Gym Membership
62.69,2023-09-17,Entertainment,Streaming Service Subscription
59.28,2023-09-17,Transportation,Ride Sharing App
384.76,2023-09-18,Travel,Hotel Stay
21.5,2023-09-18,Personal Care,Spa Center
73.73,2023-09-20,Entertainment,Concert Venue
33.85,2023-09-20,Personal Care,Pharmacy
95.27,2023-09-21,Entertainment,Concert Venue
167.08,2023-09-21,Education,Online Course
247.64,2023-09-23,Education,Bookstore
136.3,2023-09-23,Travel,Hotel Stay
36.02,2023-09-23,Groceries,Supermarket A
382.98,2023-09-24,Travel,Flight Booking
50.39,2023-09-24,Transportation,Bus Pass Kiosk
184.89,2023-09-24,Shopping,Clothing Store Sale
96.21,2023-09-25,Entertainment,Streaming Service Subscription
34.03,2023-09-25,Dining Out,Pizzeria Bella
13.52,2023-09-25,Dining Out,Sushi Bar
14.67,2023-09-26,Personal Care,Haircut
35.12,2023-09-26,Dining Out,Coffee Shop Downtown
89.69,2023-09-26,Entertainment,Cinema Tickets
64.81,2023-09-27,Groceries,Grocery Store B
80.45,2023-09-27,Health,Gym Membership
111.1,2023-09-28,Shopping,Clothing Store Sale
104.95,2023-09-28,Education,Workshop Fee
8.16,2023-09-29,Personal Care,Haircut
5.07,2023-09-30,Dining Out,Sushi Bar
15.06,2023-10-01,Entertainment,Streaming Service Subscription
277.41,2023-10-01,Travel,Flight Booking
85.05,2023-10-01,Health,Gym Membership
21.81,2023-10-01,Health,Doctor Visit
88.28,2023-10-02,Education,Bookstore
116.03,2023-10-02,Health,Therapy Session
84.97,2023-10-02,Travel,Flight Booking
16.94,2023-10-03,Transportation,Ride Sharing App
65.43,2023-10-04,Personal Care,Haircut
87.0,2023-10-05,Health,Doctor Visit
171.33,2023-10-05,Shopping,Clothing Store Sale
49.31,2023-10-07,Transportation,Petrol Station
95.94,2023-10-07,Utilities,Water Bill
25.61,2023-10-07,Shopping,Bookshop
109.12,2023-10-07,Groceries,Supermarket A
118.89,2023-10-07,Education,Online Course
171.57,2023-10-08,Shopping,Bookshop
94.97,2023-10-08,Groceries,Grocery Store B
20.29,2023-10-08,Entertainment,Concert Venue
54.73,2023-10-08,Entertainment,Streaming Service Subscription
74.66,2023-10-09,Personal Care,Spa Center
69.78,2023-10-10,Health,Therapy Session
32.74,2023-10-10,Transportation,Ride Sharing App
34.99,2023-10-10,Groceries,Local Supermarket
37.44,2023-10-12,Personal Care,Pharmacy
39.08,2023-10-13,Education,Bookstore
6.88,2023-10-13,Personal Care,Pharmacy
239.17,2023-10-14,Education,Workshop Fee
77.6,2023-10-14,Personal Care,Haircut
111.75,2023-10-14,Shopping,Online Electronics
32.19,2023-10-15,Entertainment,Cinema Tickets
59.44,2023-10-15,Education,Bookstore
28.83,2023-10-15,Transportation,Bus Pass Kiosk
23.05,2023-10-18,Dining Out,Pizzeria Bella
122.99,2023-10-18,Shopping,Bookshop
66.95,2023-10-18,Entertainment,Streaming Service Subscription
78.36,2023-10-19,Utilities,Internet Provider
123.33,2023-10-19,Utilities,Internet Provider
194.15,2023-10-21,Education,Bookstore
64.5,2023-10-21,Entertainment,Cinema Tickets
43.39,2023-10-21,Utilities,Electricity Bill
63.5,2023-10-21,Shopping,Clothing Store Sale
134.25,2023-10-21,Health,Doctor Visit
72.8,2023-10-22,Health,Doctor Visit
73.84,2023-10-22,Personal Care,Spa Center
71.61,2023-10-22,Groceries,Supermarket A
32.47,2023-10-23,Dining Out,Coffee Shop Downtown
56.77,2023-10-23,Personal Care,Pharmacy
34.86,2023-10-23,Transportation,Petrol Station
39.58,2023-10-24,Transportation,Bus Pass Kiosk
73.7,2023-10-25,Shopping,Clothing Store Sale
47.56,2023-10-25,Transportation,Bus Pass Kiosk
30.73,2023-10-26,Entertainment,Concert Venue
5.95,2023-10-27,Dining Out,Lunch Cafe
24.35,2023-10-27,Transportation,Petrol Station
78.87,2023-10-27,Personal Care,Spa Center
42.91,2023-10-28,Transportation,Petrol Station
96.92,2023-10-28,Shopping,Bookshop
21.16,2023-10-28,Transportation,Bus Pass Kiosk
84.71,2023-10-28,Shopping,Bookshop
173.9,2023-10-29,Education,Workshop Fee
59.5,2023-10-29,Groceries,Grocery Store B
89.33,2023-10-30,Health,Therapy Session
305.94,2023-10-30,Travel,Flight Booking
33.46,2023-10-31,Entertainment,Cinema Tickets
67.78,2023-10-31,Utilities,Electricity Bill
66.74,2023-10-31,Shopping,Online Electronics
86.72,2023-11-01,Groceries,Grocery Store B
60.21,2023-11-01,Education,Online Course
5.43,2023-11-01,Dining Out,Sushi Bar
33.72,2023-11-01,Shopping,Clothing Store Sale
94.02,2023-11-01,Travel,Hotel Stay
130.62,2023-11-02,Utilities,Internet Provider
25.96,2023-11-02,Transportation,Petrol Station
230.96,2023-11-03,Travel,Hotel Stay
101.61,2023-11-03,Utilities,Water Bill
103.09,2023-11-04,Travel,Hotel Stay
126.49,2023-11-05,Utilities,Internet Provider
81.2,2023-11-05,Education,Workshop Fee
21.43,2023-11-05,Dining Out,Coffee Shop Downtown
101.55,2023-11-05,Groceries,Supermarket A
450.56,2023-11-07,Travel,Train Ticket
55.86,2023-11-08,Entertainment,Concert Venue
424.52,2023-11-08,Travel,Train Ticket
170.73,2023-11-09,Education,Workshop Fee
28.8,2023-11-09,Health,Gym Membership
17.99,2023-11-09,Entertainment,Concert Venue
8.39,2023-11-10,Dining Out,Lunch Cafe
112.32,2023-11-11,Health,Doctor Visit
127.97,2023-11-11,Utilities,Internet Provider
41.0,2023-11-11,Transportation,Petrol Station
83.64,2023-11-11,Health,Therapy Session
22.59,2023-11-11,Transportation,Petrol Station
68.03,2023-11-12,Entertainment,Cinema Tickets
28.51,2023-11-12,Dining Out,Coffee Shop Downtown
64.57,2023-11-13,Education,Workshop Fee
15.67,2023-11-14,Personal Care,Haircut
149.24,2023-11-14,Shopping,Clothing Store Sale
22.66,2023-11-14,Health,Doctor Visit
493.86,2023-11-15,Travel,Train Ticket
494.85,2023-11-15,Travel,Train Ticket
86.74,2023-11-15,Entertainment,Cinema Tickets
21.02,2023-11-16,Groceries,Supermarket A
29.9,2023-11-17,Groceries,Local Supermarket
12.83,2023-11-17,Dining Out,Pizzeria Bella
9.03,2023-11-17,Dining Out,Lunch Cafe
278.65,2023-11-18,Travel,Flight Booking
40.71,2023-11-18,Transportation,Bus Pass Kiosk
160.06,2023-11-18,Shopping,Clothing Store Sale
92.97,2023-11-18,Entertainment,Streaming Service Subscription
102.92,2023-11-18,Groceries,Supermarket A
162.45,2023-11-19,Travel,Train Ticket
264.68,2023-11-19,Travel,Hotel Stay
40.61,2023-11-19,Groceries,Grocery Store B
61.79,2023-11-19,Entertainment,Concert Venue
153.32,2023-11-19,Education,Bookstore
70.58,2023-11-20,Health,Doctor Visit
76.63,2023-11-20,Personal Care,Haircut
494.35,2023-11-21,Travel,Train Ticket
174.75,2023-11-22,Education,Online Course
9.63,2023-11-22,Dining Out,Lunch Cafe
173.91,2023-11-22,Education,Online Course
16.96,2023-11-24,Transportation,Ride Sharing App
111.82,2023-11-24,Utilities,Water Bill
79.77,2023-11-24,Shopping,Bookshop
245.31,2023-11-25,Education,Online Course
128.23,2023-11-25,Travel,Hotel Stay
23.55,2023-11-25,Dining Out,Pizzeria Bella
43.25,2023-11-25,Entertainment,Streaming Service Subscription
327.94,2023-11-25,Travel,Hotel Stay
25.75,2023-11-26,Dining Out,Pizzeria Bella
76.75,2023-11-27,Utilities,Electricity Bill
32.63,2023-11-27,Utilities,Electricity Bill
16.7,2023-11-27,Shopping,Clothing Store Sale
16.88,2023-11-28,Transportation,Ride Sharing App
282.54,2023-11-28,Travel,Hotel Stay
65.93,2023-11-28,Entertainment,Streaming Service Subscription
109.61,2023-11-29,Groceries,Local Supermarket
79.59,2023-11-29,Personal Care,Spa Center
107.44,2023-11-30,Health,Doctor Visit
53.13,2023-11-30,Utilities,Internet Provider
13.76,2023-11-30,Entertainment,Concert Venue
5.76,2023-11-30,Personal Care,Haircut
27.41,2023-11-30,Groceries,Supermarket A
56.73,2023-11-30,Entertainment,Cinema Tickets
11.55,2023-12-01,Dining Out,Pizzeria Bella
64.95,2023-12-01,Utilities,Water Bill
19.7,2023-12-02,Shopping,Home Decor
22.06,2023-12-03,Shopping,Home Decor
79.68,2023-12-04,Groceries,Grocery Store B
137.96,2023-12-06,Education,Bookstore
133.38,2023-12-06,Shopping,Home Decor
266.25,2023-12-08,Travel,Flight Booking
116.97,2023-12-08,Health,Gym Membership
89.47,2023-12-08,Education,Bookstore
36.33,2023-12-09,Utilities,Water Bill
315.15,2023-12-10,Travel,Train Ticket
27.8,2023-12-10,Personal Care,Pharmacy
109.47,2023-12-10,Utilities,Electricity Bill
27.01,2023-12-10,Dining Out,Lunch Cafe
79.25,2023-12-10,Travel,Flight Booking
61.22,2023-12-11,Shopping,Home Decor
17.13,2023-12-12,Dining Out,Coffee Shop Downtown
186.01,2023-12-13,Travel,Hotel Stay
127.53,2023-12-14,Utilities,Internet Provider
53.67,2023-12-15,Personal Care,Pharmacy
61.09,2023-12-15,Personal Care,Spa Center
162.99,2023-12-16,Education,Bookstore
81.55,2023-12-17,Shopping,Home Decor
72.97,2023-12-17,Shopping,Clothing Store Sale
62.73,2023-12-18,Education,Online Course
73.75,2023-12-18,Shopping,Online Electronics
28.48,2023-12-19,Personal Care,Haircut
47.69,2023-12-20,Groceries,Grocery Store B
42.38,2023-12-20,Personal Care,Haircut
54.04,2023-12-21,Groceries,Local Supermarket
153.71,2023-12-22,Shopping,Home Decor
141.14,2023-12-23,Utilities,Electricity Bill
27.37,2023-12-23,Personal Care,Pharmacy
61.92,2023-12-23,Utilities,Electricity Bill
74.22,2023-12-24,Utilities,Internet Provider
78.09,2023-12-24,Groceries,Grocery Store B
8.07,2023-12-24,Dining Out,Pizzeria Bella
70.56,2023-12-24,Personal Care,Haircut
29.85,2023-12-24,Entertainment,Cinema Tickets
60.52,2023-12-25,Personal Care,Pharmacy
309.35,2023-12-27,Travel,Hotel Stay
23.79,2023-12-28,Groceries,Supermarket A
52.4,2023-12-28,Transportation,Petrol Station
31.81,2023-12-29,Utilities,Electricity Bill
69.38,2023-12-30,Personal Care,Pharmacy
73.03,2023-12-30,Education,Bookstore
28.02,2023-12-30,Dining Out,Pizzeria Bella
51.13,2023-12-31,Health,Doctor Visit
61.7,2024-01-01,Health,Gym Membership
142.31,2024-01-01,Travel,Hotel Stay
30.77,2024-01-01,Dining Out,Sushi Bar
21.2,2024-01-01,Transportation,Bus Pass Kiosk
36.25,2024-01-01,Personal Care,Spa Center
64.29,2024-01-02,Entertainment,Streaming Service Subscription
106.82,2024-01-05,Shopping,Home Decor
149.14,2024-01-06,Health,Doctor Visit
50.57,2024-01-06,Entertainment,Concert Venue
53.45,2024-01-07,Groceries,Supermarket A
73.53,2024-01-07,Groceries,Grocery Store B
24.39,2024-01-07,Transportation,Bus Pass Kiosk
240.66,2024-01-07,Travel,Hotel Stay
168.31,2024-01-08,Travel,Hotel Stay
38.88,2024-01-09,Transportation,Petrol Station
41.64,2024-01-09,Health,Gym Membership
128.0,2024-01-09,Travel,Flight Booking
52.49,2024-01-11,Transportation,Ride Sharing App
20.68,2024-01-12,Dining Out,Fast Food Z
36.91,2024-01-12,Dining Out,Pizzeria Bella
46.91,2024-01-12,Education,Workshop Fee
113.6,2024-01-13,Shopping,Bookshop
5.28,2024-01-13,Personal Care,Pharmacy
103.28,2024-01-13,Utilities,Electricity Bill
227.29,2024-01-14,Education,Bookstore
109.82,2024-01-14,Health,Therapy Session
38.98,2024-01-15,Transportation,Bus Pass Kiosk
18.37,2024-01-15,Personal Care,Pharmacy
94.18,2024-01-17,Education,Bookstore
88.43,2024-01-18,Health,Doctor Visit
86.74,2024-01-18,Entertainment,Streaming Service Subscription
162.48,2024-01-19,Shopping,Online Electronics
104.56,2024-01-20,Education,Workshop Fee
37.77,2024-01-20,Dining Out,Coffee Shop Downtown
69.41,2024-01-20,Utilities,Water Bill
26.33,2024-01-20,Health,Therapy Session
87.59,2024-01-20,Utilities,Water Bill
36.0,2024-01-21,Entertainment,Cinema Tickets
261.78,2024-01-22,Travel,Hotel Stay
17.69,2024-01-22,Dining Out,Lunch Cafe
14.46,2024-01-22,Transportation,Bus Pass Kiosk
53.56,2024-01-23,Personal Care,Pharmacy
115.84,2024-01-23,Utilities,Internet Provider
39.51,2024-01-23,Personal Care,Pharmacy
22.23,2024-01-24,Dining Out,Lunch Cafe
99.0,2024-01-25,Health,Therapy Session
140.28,2024-01-25,Travel,Flight Booking
74.13,2024-01-25,Entertainment,Concert Venue
119.26,2024-01-26,Shopping,Bookshop
38.55,2024-01-27,Personal Care,Haircut
45.92,2024-01-27,Entertainment,Streaming Service Subscription
39.1,2024-01-27,Health,Therapy Session
62.68,2024-01-27,Personal Care,Haircut
203.19,2024-01-27,Education,Online Course
283.26,2024-01-28,Travel,Hotel Stay
142.4,2024-01-28,Shopping,Bookshop
24.9,2024-01-28,Dining Out,Fast Food Z
121.89,2024-01-29,Shopping,Home Decor
99.7,2024-01-29,Health,Doctor Visit
137.67,2024-01-29,Utilities,Internet Provider
85.96,2024-01-30,Shopping,Home Decor
23.66,2024-01-30,Dining Out,Sushi Bar
413.1,2024-01-30,Travel,Train Ticket
73.23,2024-01-30,Health,Doctor Visit
36.21,2024-01-31,Dining Out,Lunch Cafe
113.23,2024-01-31,Travel,Hotel Stay
17.55,2024-01-31,Personal Care,Pharmacy
10.44,2024-02-01,Dining Out,Sushi Bar
30.54,2024-02-01,Personal Care,Haircut
82.97,2024-02-01,Shopping,Home Decor
25.11,2024-02-02,Groceries,Grocery Store B
48.64,2024-02-02,Entertainment,Cinema Tickets
5.83,2024-02-03,Dining Out,Lunch Cafe
42.69,2024-02-03,Transportation,Ride Sharing App
189.77,2024-02-03,Shopping,Online Electronics
64.99,2024-02-03,Groceries,Local Supermarket
21.98,2024-02-03,Shopping,Online Electronics
51.42,2024-02-04,Transportation,Ride Sharing App
20.26,2024-02-04,Dining Out,Lunch Cafe
498.48,2024-02-04,Travel,Flight Booking
71.24,2024-02-05,Personal Care,Haircut
88.36,2024-02-05,Health,Therapy Session
19.92,2024-02-07,Dining Out,Lunch Cafe
54.38,2024-02-07,Utilities,Water Bill
103.99,2024-02-08,Groceries,Supermarket A
30.51,2024-02-10,Groceries,Grocery Store B
24.0,2024-02-10,Health,Doctor Visit
10.38,2024-02-10,Personal Care,Haircut
97.49,2024-02-11,Groceries,Grocery Store B
49.94,2024-02-11,Utilities,Water Bill
145.13,2024-02-11,Travel,Train Ticket
44.6,2024-02-11,Personal Care,Spa Center
114.72,2024-02-13,Utilities,Internet Provider
72.39,2024-02-14,Travel,Hotel Stay
34.25,2024-02-14,Health,Therapy Session
26.64,2024-02-14,Shopping,Bookshop
238.03,2024-02-15,Travel,Train Ticket
40.37,2024-02-15,Personal Care,Pharmacy
176.09,2024-02-15,Travel,Train Ticket
119.68,2024-02-16,Utilities,Internet Provider
99.72,2024-02-17,Shopping,Clothing Store Sale
56.45,2024-02-17,Personal Care,Pharmacy
103.49,2024-02-18,Education,Workshop Fee
129.67,2024-02-18,Health,Doctor Visit
20.76,2024-02-18,Entertainment,Concert Venue
83.07,2024-02-18,Education,Bookstore
61.3,2024-02-18,Shopping,Clothing Store Sale
125.53,2024-02-20,Health,Doctor Visit
23.67,2024-02-22,Personal Care,Pharmacy
151.15,2024-02-22,Travel,Hotel Stay
193.42,2024-02-23,Education,Workshop Fee
50.78,2024-02-23,Entertainment,Cinema Tickets
468.88,2024-02-24,Travel,Train Ticket
135.47,2024-02-24,Education,Workshop Fee
244.11,2024-02-25,Education,Workshop Fee
96.59,2024-02-25,Shopping,Home Decor
415.8,2024-02-26,Travel,Flight Booking
92.67,2024-02-26,Groceries,Grocery Store B
36.3,2024-02-26,Transportation,Ride Sharing App
91.39,2024-02-27,Utilities,Water Bill
103.08,2024-02-27,Health,Therapy Session
32.27,2024-02-29,Utilities,Internet Provider
36.6,2024-02-29,Groceries,Supermarket A
54.4,2024-02-29,Transportation,Ride Sharing App
51.23,2024-03-01,Entertainment,Streaming Service Subscription
198.4,2024-03-01,Education,Online Course
293.86,2024-03-01,Travel,Flight Booking
47.29,2024-03-01,Health,Doctor Visit
10.49,2024-03-01,Dining Out,Lunch Cafe
32.6,2024-03-02,Entertainment,Streaming Service Subscription
143.36,2024-03-02,Education,Workshop Fee
63.48,2024-03-02,Health,Doctor Visit
94.05,2024-03-03,Travel,Train Ticket
256.76,2024-03-03,Travel,Hotel Stay
18.71,2024-03-03,Entertainment,Streaming Service Subscription
11.61,2024-03-03,Transportation,Petrol Station
45.78,2024-03-04,Health,Therapy Session
101.81,2024-03-04,Groceries,Grocery Store B
53.39,2024-03-05,Entertainment,Streaming Service Subscription
82.81,2024-03-05,Education,Bookstore
200.13,2024-03-08,Travel,Hotel Stay
86.11,2024-03-09,Travel,Train Ticket
110.98,2024-03-09,Shopping,Home Decor
136.95,2024-03-09,Health,Gym Membership
71.31,2024-03-09,Health,Therapy Session
71.99,2024-03-09,Groceries,Supermarket A
57.8,2024-03-10,Groceries,Local Supermarket
72.06,2024-03-10,Education,Bookstore
69.89,2024-03-10,Utilities,Internet Provider
5.89,2024-03-10,Dining Out,Fast Food Z
164.63,2024-03-10,Travel,Flight Booking
52.91,2024-03-11,Transportation,Petrol Station
16.95,2024-03-11,Transportation,Petrol Station
33.83,2024-03-11,Dining Out,Sushi Bar
100.53,2024-03-12,Groceries,Grocery Store B
352.49,2024-03-12,Travel,Flight Booking
37.01,2024-03-12,Entertainment,Cinema Tickets
70.18,2024-03-13,Health,Gym Membership
97.56,2024-03-13,Utilities,Electricity Bill
25.76,2024-03-14,Dining Out,Sushi Bar
123.42,2024-03-14,Utilities,Water Bill
111.92,2024-03-15,Utilities,Water Bill
313.0,2024-03-15,Travel,Train Ticket
42.71,2024-03-15,Shopping,Clothing Store Sale
227.2,2024-03-15,Travel,Train Ticket
28.24,2024-03-15,Personal Care,Haircut
50.13,2024-03-16,Utilities,Internet Provider
110.03,2024-03-16,Education,Bookstore
175.32,2024-03-16,Travel,Hotel Stay
110.7,2024-03-16,Groceries,Supermarket A
180.82,2024-03-16,Education,Bookstore
353.03,2024-03-17,Travel,Flight Booking
195.03,2024-03-17,Shopping,Home Decor
69.27,2024-03-17,Utilities,Electricity Bill
206.91,2024-03-17,Travel,Flight Booking
79.61,2024-03-17,Travel,Train Ticket
328.24,2024-03-18,Travel,Flight Booking
17.64,2024-03-18,Transportation,Petrol Station
24.94,2024-03-19,Dining Out,Sushi Bar
120.93,2024-03-19,Education,Online Course
119.26,2024-03-20,Groceries,Grocery Store B
195.75,2024-03-20,Shopping,Online Electronics
25.58,2024-03-21,Health,Therapy Session
65.7,2024-03-22,Health,Doctor Visit
42.27,2024-03-22,Utilities,Water Bill
31.61,2024-03-23,Groceries,Supermarket A
27.04,2024-03-23,Personal Care,Haircut
19.28,2024-03-23,Dining Out,Lunch Cafe
55.0,2024-03-24,Entertainment,Streaming Service Subscription
95.2,2024-03-24,Health,Doctor Visit
133.81,2024-03-24,Utilities,Electricity Bill
81.8,2024-03-24,Utilities,Water Bill
62.34,2024-03-25,Utilities,Electricity Bill
44.37,2024-03-26,Transportation,Ride Sharing App
110.43,2024-03-26,Shopping,Online Electronics
35.34,2024-03-26,Transportation,Ride Sharing App
43.53,2024-03-27,Health,Therapy Session
21.6,2024-03-27,Shopping,Clothing Store Sale
244.46,2024-03-27,Education,Workshop Fee
52.44,2024-03-28,Transportation,Ride Sharing App
76.31,2024-03-28,Education,Workshop Fee
48.55,2024-03-30,Entertainment,Concert Venue
110.98,2024-03-30,Utilities,Water Bill
21.11,2024-03-31,Shopping,Clothing Store Sale
23.56,2024-03-31,Entertainment,Concert Venue
92.23,2024-03-31,Shopping,Home Decor
98.37,2024-03-31,Health,Doctor Visit
66.36,2024-04-01,Personal Care,Haircut
105.33,2024-04-01,Utilities,Water Bill
128.88,2024-04-03,Utilities,Water Bill
54.76,2024-04-05,Transportation,Bus Pass Kiosk
32.39,2024-04-06,Dining Out,Lunch Cafe
336.81,2024-04-07,Travel,Train Ticket
122.36,2024-04-08,Health,Doctor Visit
144.35,2024-04-08,Shopping,Home Decor
74.05,2024-04-10,Health,Gym Membership
34.73,2024-04-10,Transportation,Bus Pass Kiosk
40.9,2024-04-11,Transportation,Petrol Station
22.36,2024-04-11,Personal Care,Haircut
94.77,2024-04-12,Education,Online Course
66.52,2024-04-12,Health,Therapy Session
31.14,2024-04-12,Education,Workshop Fee
36.39,2024-04-13,Dining Out,Lunch Cafe
242.24,2024-04-14,Education,Bookstore
11.38,2024-04-15,Dining Out,Lunch Cafe
387.15,2024-04-15,Travel,Hotel Stay
245.37,2024-04-15,Travel,Train Ticket
167.42,2024-04-16,Travel,Hotel Stay
221.65,2024-04-18,Travel,Train Ticket
126.59,2024-04-18,Utilities,Water Bill
39.44,2024-04-20,Education,Online Course
136.38,2024-04-20,Utilities,Water Bill
24.67,2024-04-20,Dining Out,Pizzeria Bella
99.95,2024-04-20,Health,Doctor Visit
35.19,2024-04-21,Utilities,Internet Provider
92.36,2024-04-21,Utilities,Electricity Bill
175.69,2024-04-21,Shopping,Clothing Store Sale
35.49,2024-04-21,Entertainment,Streaming Service Subscription
103.46,2024-04-21,Shopping,Bookshop
29.58,2024-04-22,Transportation,Bus Pass Kiosk
78.15,2024-04-22,Utilities,Electricity Bill
71.36,2024-04-22,Entertainment,Cinema Tickets
47.9,2024-04-23,Health,Therapy Session
103.91,2024-04-23,Health,Gym Membership
40.06,2024-04-25,Health,Gym Membership
35.69,2024-04-25,Transportation,Ride Sharing App
118.79,2024-04-26,Shopping,Online Electronics
10.93,2024-04-27,Transportation,Petrol Station
94.19,2024-04-28,Entertainment,Streaming Service Subscription
35.87,2024-04-28,Personal Care,Spa Center
37.92,2024-04-28,Transportation,Ride Sharing App
24.17,2024-04-30,Entertainment,Streaming Service Subscription
49.46,2024-04-30,Transportation,Ride Sharing App
151.92,2024-04-30,Education,Online Course
55.05,2024-04-30,Education,Workshop Fee
201.68,2024-05-01,Travel,Flight Booking
215.56,2024-05-01,Travel,Train Ticket
102.22,2024-05-01,Shopping,Bookshop
69.67,2024-05-02,Education,Workshop Fee
83.68,2024-05-02,Groceries,Local Supermarket
89.72,2024-05-04,Education,Bookstore
91.83,2024-05-04,Groceries,Grocery Store B
39.67,2024-05-04,Dining Out,Sushi Bar
21.51,2024-05-04,Dining Out,Pizzeria Bella
31.21,2024-05-05,Transportation,Bus Pass Kiosk
134.01,2024-05-05,Utilities,Water Bill
51.93,2024-05-05,Entertainment,Concert Venue
54.87,2024-05-05,Entertainment,Concert Venue
114.09,2024-05-06,Health,Therapy Session
31.3,2024-05-07,Transportation,Ride Sharing App
6.46,2024-05-08,Dining Out,Lunch Cafe
121.15,2024-05-08,Health,Gym Membership
80.09,2024-05-09,Entertainment,Concert Venue
35.51,2024-05-10,Entertainment,Cinema Tickets
103.31,2024-05-11,Health,Therapy Session
43.24,2024-05-11,Transportation,Petrol Station
109.91,2024-05-12,Utilities,Electricity Bill
34.3,2024-05-12,Dining Out,Coffee Shop Downtown
48.28,2024-05-12,Entertainment,Streaming Service Subscription
9.31,2024-05-12,Personal Care,Spa Center
17.53,2024-05-12,Dining Out,Fast Food Z
68.56,2024-05-14,Groceries,Local Supermarket
39.18,2024-05-14,Education,Workshop Fee
24.39,2024-05-14,Entertainment,Streaming Service Subscription
33.55,2024-05-15,Education,Workshop Fee
95.81,2024-05-15,Travel,Flight Booking
25.35,2024-05-15,Groceries,Grocery Store B
101.23,2024-05-15,Health,Therapy Session
74.32,2024-05-15,Shopping,Home Decor
21.57,2024-05-15,Groceries,Supermarket A
100.82,2024-05-17,Groceries,Grocery Store B
64.87,2024-05-18,Entertainment,Streaming Service Subscription
87.01,2024-05-18,Entertainment,Concert Venue
37.76,2024-05-18,Dining Out,Coffee Shop Downtown
59.95,2024-05-18,Health,Doctor Visit
9.92,2024-05-19,Dining Out,Pizzeria Bella
125.45,2024-05-19,Utilities,Internet Provider
166.65,2024-05-19,Education,Bookstore
71.31,2024-05-20,Entertainment,Concert Venue
26.75,2024-05-20,Transportation,Petrol Station
153.61,2024-05-20,Education,Workshop Fee
65.84,2024-05-22,Shopping,Bookshop
28.09,2024-05-23,Personal Care,Pharmacy
23.52,2024-05-24,Dining Out,Fast Food Z
62.98,2024-05-24,Groceries,Local Supermarket
477.05,2024-05-25,Travel,Hotel Stay
101.81,2024-05-25,Travel,Hotel Stay
28.54,2024-05-25,Transportation,Petrol Station
123.62,2024-05-25,Utilities,Electricity Bill
22.45,2024-05-25,Education,Bookstore
62.46,2024-05-26,Entertainment,Cinema Tickets
19.54,2024-05-27,Dining Out,Sushi Bar
13.59,2024-05-28,Entertainment,Concert Venue
74.63,2024-05-28,Education,Workshop Fee
31.39,2024-05-29,Transportation,Petrol Station
43.8,2024-05-30,Health,Gym Membership
354.1,2024-05-30,Travel,Flight Booking
416.08,2024-05-30,Travel,Flight Booking
91.08,2024-05-30,Shopping,Bookshop
13.11,2024-05-30,Shopping,Home Decor
30.19,2024-05-30,Dining Out,Coffee Shop Downtown
108.9,2024-05-31,Shopping,Home Decor
48.48,2024-06-01,Groceries,Supermarket A
153.25,2024-06-01,Travel,Hotel Stay
19.5,2024-06-02,Dining Out,Sushi Bar
487.1,2024-06-02,Travel,Flight Booking
22.73,2024-06-02,Transportation,Ride Sharing App
113.12,2024-06-02,Shopping,Home Decor
138.02,2024-06-02,Utilities,Electricity Bill
41.43,2024-06-03,Transportation,Bus Pass Kiosk
72.07,2024-06-03,Entertainment,Streaming Service Subscription
40.37,2024-06-03,Personal Care,Spa Center
137.84,2024-06-04,Health,Doctor Visit
49.22,2024-06-05,Personal Care,Haircut
364.23,2024-06-05,Travel,Train Ticket
17.68,2024-06-05,Entertainment,Concert Venue
490.73,2024-06-06,Travel,Train Ticket
94.32,2024-06-06,Travel,Train Ticket
58.9,2024-06-06,Personal Care,Pharmacy
74.46,2024-06-07,Entertainment,Cinema Tickets
54.37,2024-06-07,Entertainment,Cinema Tickets
114.35,2024-06-08,Groceries,Supermarket A
51.38,2024-06-09,Groceries,Local Supermarket
146.21,2024-06-09,Health,Doctor Visit
47.2,2024-06-10,Transportation,Petrol Station
75.53,2024-06-10,Entertainment,Concert Venue
237.05,2024-06-11,Travel,Train Ticket
24.5,2024-06-11,Groceries,Grocery Store B
24.65,2024-06-12,Entertainment,Concert Venue
77.64,2024-06-12,Personal Care,Spa Center
147.58,2024-06-14,Education,Bookstore
124.91,2024-06-15,Utilities,Water Bill
40.6,2024-06-15,Shopping,Home Decor
166.22,2024-06-15,Travel,Flight Booking
142.51,2024-06-16,Shopping,Home Decor
245.04,2024-06-16,Education,Online Course
36.75,2024-06-19,Dining Out,Lunch Cafe
59.95,2024-06-20,Personal Care,Spa Center
171.02,2024-06-20,Shopping,Bookshop
156.3,2024-06-21,Shopping,Home Decor
8.0,2024-06-21,Dining Out,Lunch Cafe
11.14,2024-06-22,Entertainment,Cinema Tickets
73.66,2024-06-22,Groceries,Supermarket A
69.7,2024-06-23,Health,Gym Membership
140.48,2024-06-23,Education,Bookstore
226.76,2024-06-23,Travel,Flight Booking
128.5,2024-06-23,Education,Bookstore
56.8,2024-06-24,Health,Doctor Visit
10.41,2024-06-24,Dining Out,Sushi Bar
66.16,2024-06-24,Shopping,Online Electronics
80.81,2024-06-25,Entertainment,Streaming Service Subscription
36.69,2024-06-27,Dining Out,Sushi Bar
99.96,2024-06-27,Groceries,Local Supermarket
94.2,2024-06-27,Education,Bookstore
19.51,2024-06-28,Personal Care,Haircut
96.62,2024-06-28,Entertainment,Concert Venue
114.6,2024-06-29,Health,Therapy Session
144.16,2024-06-29,Health,Doctor Visit
25.8,2024-06-29,Entertainment,Streaming Service Subscription
76.38,2024-06-29,Utilities,Water Bill
151.86,2024-06-30,Shopping,Home Decor
52.41,2024-06-30,Utilities,Internet Provider
36.34,2024-06-30,Personal Care,Pharmacy
69.18,2024-06-30,Shopping,Home Decor
110.02,2024-07-01,Education,Workshop Fee
163.8,2024-07-01,Shopping,Home Decor
109.32,2024-07-01,Groceries,Grocery Store B
27.57,2024-07-01,Entertainment,Streaming Service Subscription
86.17,2024-07-02,Entertainment,Concert Venue
75.92,2024-07-02,Utilities,Water Bill
61.14,2024-07-02,Entertainment,Cinema Tickets
83.52,2024-07-03,Shopping,Bookshop
152.69,2024-07-04,Shopping,Clothing Store Sale
53.78,2024-07-04,Groceries,Local Supermarket
39.43,2024-07-05,Groceries,Grocery Store B
134.54,2024-07-05,Shopping,Home Decor
142.16,2024-07-06,Health,Gym Membership
371.21,2024-07-06,Travel,Train Ticket
84.66,2024-07-06,Education,Online Course
48.08,2024-07-07,Transportation,Ride Sharing App
19.91,2024-07-07,Dining Out,Pizzeria Bella
42.71,2024-07-07,Transportation,Ride Sharing App
48.67,2024-07-07,Transportation,Ride Sharing App
71.3,2024-07-08,Health,Doctor Visit
20.12,2024-07-08,Dining Out,Sushi Bar
103.11,2024-07-09,Health,Doctor Visit
22.64,2024-07-09,Transportation,Ride Sharing App
65.02,2024-07-10,Utilities,Internet Provider
19.66,2024-07-10,Education,Online Course
144.36,2024-07-11,Utilities,Water Bill
9.76,2024-07-12,Dining Out,Coffee Shop Downtown
103.39,2024-07-13,Education,Bookstore
54.75,2024-07-14,Transportation,Ride Sharing App
95.18,2024-07-14,Utilities,Internet Provider
47.64,2024-07-14,Transportation,Petrol Station
144.76,2024-07-14,Education,Online Course
110.4,2024-07-14,Groceries,Local Supermarket
37.12,2024-07-15,Dining Out,Coffee Shop Downtown
87.83,2024-07-15,Shopping,Bookshop
23.94,2024-07-17,Dining Out,Lunch Cafe
61.02,2024-07-18,Utilities,Electricity Bill
118.18,2024-07-18,Health,Therapy Session
215.06,2024-07-19,Education,Workshop Fee
100.94,2024-07-20,Travel,Flight Booking
72.45,2024-07-20,Personal Care,Spa Center
188.16,2024-07-20,Shopping,Online Electronics
132.66,2024-07-20,Utilities,Internet Provider
17.38,2024-07-20,Shopping,Bookshop
83.22,2024-07-21,Shopping,Clothing Store Sale
98.15,2024-07-21,Health,Therapy Session
141.04,2024-07-22,Utilities,Internet Provider
119.09,2024-07-23,Groceries,Supermarket A
94.52,2024-07-24,Entertainment,Streaming Service Subscription
120.81,2024-07-24,Utilities,Water Bill
99.15,2024-07-24,Entertainment,Cinema Tickets
100.98,2024-07-25,Groceries,Local Supermarket
156.7,2024-07-25,Shopping,Home Decor
46.47,2024-07-25,Transportation,Bus Pass Kiosk
411.66,2024-07-26,Travel,Hotel Stay
76.98,2024-07-27,Personal Care,Pharmacy
41.82,2024-07-27,Transportation,Petrol Station
73.98,2024-07-27,Personal Care,Pharmacy
86.28,2024-07-27,Utilities,Internet Provider
15.28,2024-07-28,Entertainment,Cinema Tickets
34.63,2024-07-28,Dining Out,Pizzeria Bella
53.18,2024-07-29,Transportation,Petrol Station
84.55,2024-07-29,Groceries,Supermarket A
45.41,2024-07-29,Groceries,Local Supermarket
21.99,2024-07-30,Health,Gym Membership
42.75,2024-07-30,Utilities,Electricity Bill
28.42,2024-07-31,Dining Out,Sushi Bar
92.02,2024-07-31,Entertainment,Cinema Tickets
33.56,2024-08-01,Transportation,Petrol Station
414.17,2024-08-01,Travel,Flight Booking
67.32,2024-08-02,Personal Care,Spa Center
124.99,2024-08-03,Health,Gym Membership
23.15,2024-08-03,Entertainment,Cinema Tickets
31.45,2024-08-03,Dining Out,Coffee Shop Downtown
35.98,2024-08-03,Transportation,Bus Pass Kiosk
193.82,2024-08-04,Shopping,Bookshop
102.8,2024-08-05,Shopping,Home Decor
84.03,2024-08-06,Entertainment,Cinema Tickets
132.94,2024-08-06,Education,Workshop Fee
12.83,2024-08-06,Transportation,Bus Pass Kiosk
20.36,2024-08-08,Dining Out,Sushi Bar
70.39,2024-08-08,Personal Care,Spa Center
218.94,2024-08-09,Education,Bookstore
35.82,2024-08-09,Entertainment,Cinema Tickets
31.53,2024-08-10,Transportation,Bus Pass Kiosk
39.08,2024-08-10,Transportation,Bus Pass Kiosk
5.94,2024-08-11,Dining Out,Sushi Bar
155.12,2024-08-11,Shopping,Home Decor
58.75,2024-08-12,Groceries,Local Supermarket
148.09,2024-08-12,Health,Gym Membership
150.69,2024-08-12,Shopping,Online Electronics
56.61,2024-08-13,Entertainment,Cinema Tickets
56.78,2024-08-13,Personal Care,Spa Center
32.95,2024-08-14,Dining Out,Pizzeria Bella
25.18,2024-08-15,Dining Out,Pizzeria Bella
21.56,2024-08-15,Transportation,Bus Pass Kiosk
13.31,2024-08-15,Dining Out,Sushi Bar
56.0,2024-08-16,Health,Doctor Visit
39.45,2024-08-16,Dining Out,Lunch Cafe
35.05,2024-08-17,Groceries,Supermarket A
13.29,2024-08-17,Transportation,Petrol Station
179.0,2024-08-17,Shopping,Bookshop
164.15,2024-08-18,Education,Workshop Fee
29.44,2024-08-18,Dining Out,Pizzeria Bella
61.56,2024-08-18,Groceries,Grocery Store B
19.54,2024-08-18,Transportation,Bus Pass Kiosk
79.0,2024-08-18,Groceries,Grocery Store B
75.29,2024-08-19,Groceries,Grocery Store B
91.89,2024-08-19,Utilities,Water Bill
195.7,2024-08-19,Shopping,Online Electronics
126.08,2024-08-20,Travel,Train Ticket
221.8,2024-08-20,Travel,Train Ticket
30.36,2024-08-21,Dining Out,Coffee Shop Downtown
40.38,2024-08-21,Entertainment,Streaming Service Subscription
15.04,2024-08-22,Dining Out,Pizzeria Bella
16.9,2024-08-22,Personal Care,Haircut
6.05,2024-08-24,Dining Out,Coffee Shop Downtown
16.72,2024-08-24,Personal Care,Spa Center
22.4,2024-08-24,Dining Out,Lunch Cafe
20.01,2024-08-24,Dining Out,Sushi Bar
51.28,2024-08-24,Education,Workshop Fee
25.6,2024-08-25,Dining Out,Lunch Cafe
172.71,2024-08-27,Education,Online Course
126.19,2024-08-28,Education,Bookstore
120.22,2024-08-28,Shopping,Bookshop
351.12,2024-08-28,Travel,Train Ticket
250.38,2024-08-29,Travel,Flight Booking
36.17,2024-08-29,Personal Care,Spa Center
149.32,2024-08-30,Utilities,Electricity Bill
11.28,2024-08-30,Dining Out,Lunch Cafe
88.23,2024-08-30,Utilities,Electricity Bill
110.51,2024-08-31,Education,Bookstore
16.26,2024-08-31,Dining Out,Sushi Bar
157.19,2024-08-31,Education,Online Course
107.24,2024-09-01,Groceries,Grocery Store B
119.98,2024-09-01,Shopping,Online Electronics
7.66,2024-09-01,Dining Out,Lunch Cafe
102.41,2024-09-01,Groceries,Local Supermarket
136.48,2024-09-01,Health,Doctor Visit
37.18,2024-09-02,Utilities,Internet Provider
68.48,2024-09-03,Personal Care,Haircut
29.79,2024-09-04,Education,Workshop Fee
73.31,2024-09-04,Personal Care,Spa Center
158.34,2024-09-04,Shopping,Bookshop
77.78,2024-09-05,Groceries,Grocery Store B
48.14,2024-09-06,Transportation,Bus Pass Kiosk
46.12,2024-09-06,Utilities,Internet Provider
199.15,2024-09-06,Shopping,Bookshop
26.35,2024-09-07,Groceries,Grocery Store B
19.96,2024-09-07,Entertainment,Concert Venue
177.61,2024-09-08,Shopping,Bookshop
78.38,2024-09-08,Entertainment,Concert Venue
50.4,2024-09-10,Transportation,Ride Sharing App
49.13,2024-09-11,Health,Doctor Visit
18.96,2024-09-11,Transportation,Ride Sharing App
108.52,2024-09-11,Health,Gym Membership
44.97,2024-09-12,Personal Care,Pharmacy
214.68,2024-09-12,Education,Workshop Fee
52.39,2024-09-14,Personal Care,Haircut
96.14,2024-09-14,Education,Online Course
166.79,2024-09-15,Shopping,Clothing Store Sale
14.35,2024-09-15,Personal Care,Spa Center
37.1,2024-09-15,Dining Out,Lunch Cafe
10.84,2024-09-15,Transportation,Ride Sharing App
81.32,2024-09-15,Groceries,Grocery Store B
40.98,2024-09-16,Transportation,Bus Pass Kiosk
37.72,2024-09-16,Education,Bookstore
188.56,2024-09-17,Education,Online Course
23.53,2024-09-17,Health,Doctor Visit
23.84,2024-09-19,Entertainment,Cinema Tickets
62.02,2024-09-19,Entertainment,Cinema Tickets
29.74,2024-09-19,Entertainment,Concert Venue
101.8,2024-09-20,Health,Therapy Session
29.42,2024-09-21,Health,Therapy Session
38.78,2024-09-21,Dining Out,Pizzeria Bella
118.87,2024-09-21,Health,Doctor Visit
377.7,2024-09-22,Travel,Flight Booking
114.69,2024-09-22,Shopping,Online Electronics
134.0,2024-09-22,Health,Doctor Visit
21.28,2024-09-22,Education,Bookstore
409.46,2024-09-22,Travel,Hotel Stay
124.01,2024-09-23,Utilities,Electricity Bill
72.75,2024-09-23,Health,Gym Membership
241.23,2024-09-24,Travel,Flight Booking
29.48,2024-09-24,Dining Out,Fast Food Z
52.9,2024-09-24,Transportation,Bus Pass Kiosk
78.86,2024-09-26,Education,Online Course
52.47,2024-09-26,Entertainment,Streaming Service Subscription
92.12,2024-09-27,Entertainment,Streaming Service Subscription
41.77,2024-09-28,Transportation,Bus Pass Kiosk
19.6,2024-09-28,Dining Out,Coffee Shop Downtown
12.84,2024-09-28,Dining Out,Fast Food Z
46.61,2024-09-29,Transportation,Ride Sharing App
29.58,2024-09-29,Dining Out,Sushi Bar
31.22,2024-09-29,Personal Care,Pharmacy
14.97,2024-09-29,Personal Care,Haircut
64.29,2024-09-29,Travel,Flight Booking
51.6,2024-09-30,Transportation,Petrol Station
86.16,2024-09-30,Utilities,Water Bill
134.94,2024-09-30,Health,Therapy Session
98.47,2024-09-30,Shopping,Bookshop
50.14,2024-09-30,Transportation,Petrol Station
130.11,2024-10-01,Health,Doctor Visit
145.1,2024-10-01,Utilities,Internet Provider
27.86,2024-10-02,Education,Online Course
82.78,2024-10-03,Groceries,Grocery Store B
54.88,2024-10-05,Transportation,Ride Sharing App
13.66,2024-10-05,Dining Out,Pizzeria Bella
162.26,2024-10-06,Shopping,Home Decor
107.76,2024-10-06,Utilities,Water Bill
71.5,2024-10-06,Groceries,Supermarket A
14.89,2024-10-06,Transportation,Petrol Station
48.5,2024-10-06,Utilities,Electricity Bill
29.72,2024-10-07,Shopping,Home Decor
64.89,2024-10-08,Personal Care,Spa Center
124.97,2024-10-08,Utilities,Internet Provider
56.87,2024-10-08,Transportation,Bus Pass Kiosk
171.47,2024-10-09,Education,Workshop Fee
232.7,2024-10-09,Education,Online Course
131.86,2024-10-10,Travel,Hotel Stay
387.26,2024-10-10,Travel,Train Ticket
77.81,2024-10-11,Personal Care,Pharmacy
126.05,2024-10-11,Utilities,Electricity Bill
17.98,2024-10-11,Entertainment,Cinema Tickets
84.4,2024-10-12,Health,Doctor Visit
128.41,2024-10-12,Shopping,Clothing Store Sale
125.31,2024-10-13,Shopping,Home Decor
179.46,2024-10-13,Shopping,Online Electronics
41.18,2024-10-13,Transportation,Ride Sharing App
25.63,2024-10-14,Education,Online Course
83.98,2024-10-15,Health,Therapy Session
189.79,2024-10-15,Education,Bookstore
125.57,2024-10-15,Health,Gym Membership
35.74,2024-10-15,Education,Online Course
22.06,2024-10-15,Dining Out,Pizzeria Bella
46.49,2024-10-16,Transportation,Ride Sharing App
28.23,2024-10-17,Entertainment,Cinema Tickets
98.33,2024-10-17,Groceries,Grocery Store B
49.2,2024-10-17,Transportation,Bus Pass Kiosk
74.6,2024-10-18,Groceries,Supermarket A
72.83,2024-10-18,Entertainment,Concert Venue
88.41,2024-10-18,Entertainment,Streaming Service Subscription
18.17,2024-10-19,Personal Care,Pharmacy
36.76,2024-10-20,Entertainment,Cinema Tickets
130.75,2024-10-20,Education,Bookstore
75.65,2024-10-20,Health,Doctor Visit
130.01,2024-10-21,Travel,Train Ticket
15.28,2024-10-21,Dining Out,Lunch Cafe
16.03,2024-10-22,Dining Out,Fast Food Z
29.97,2024-10-22,Health,Doctor Visit
38.41,2024-10-24,Personal Care,Haircut
33.58,2024-10-24,Personal Care,Haircut
62.24,2024-10-24,Shopping,Home Decor
32.05,2024-10-25,Entertainment,Cinema Tickets
71.82,2024-10-25,Groceries,Grocery Store B
80.56,2024-10-26,Shopping,Online Electronics
39.63,2024-10-27,Utilities,Internet Provider
38.79,2024-10-29,Transportation,Ride Sharing App
34.69,2024-10-29,Entertainment,Streaming Service Subscription
83.37,2024-10-30,Education,Online Course
107.15,2024-10-30,Utilities,Internet Provider
291.07,2024-10-30,Travel,Flight Booking
114.39,2024-10-30,Groceries,Local Supermarket
30.41,2024-11-01,Groceries,Grocery Store B
73.94,2024-11-01,Health,Doctor Visit
178.69,2024-11-01,Education,Workshop Fee
28.97,2024-11-01,Dining Out,Fast Food Z
127.29,2024-11-01,Shopping,Clothing Store Sale
28.75,2024-11-02,Dining Out,Lunch Cafe
32.55,2024-11-02,Groceries,Supermarket A
14.75,2024-11-02,Dining Out,Lunch Cafe
17.34,2024-11-02,Dining Out,Lunch Cafe
12.73,2024-11-03,Personal Care,Spa Center
62.43,2024-11-03,Personal Care,Pharmacy
231.15,2024-11-03,Travel,Hotel Stay
50.29,2024-11-03,Transportation,Petrol Station
28.05,2024-11-03,Dining Out,Pizzeria Bella
140.12,2024-11-04,Shopping,Home Decor
266.94,2024-11-06,Travel,Hotel Stay
61.05,2024-11-06,Utilities,Water Bill
25.66,2024-11-06,Transportation,Bus Pass Kiosk
63.73,2024-11-07,Travel,Hotel Stay
39.95,2024-11-07,Personal Care,Haircut
10.1,2024-11-08,Transportation,Petrol Station
90.45,2024-11-08,Entertainment,Cinema Tickets
35.36,2024-11-08,Utilities,Electricity Bill
27.49,2024-11-09,Dining Out,Sushi Bar
79.26,2024-11-09,Personal Care,Pharmacy
71.37,2024-11-10,Health,Doctor Visit
340.22,2024-11-11,Travel,Train Ticket
6.06,2024-11-12,Dining Out,Sushi Bar
124.77,2024-11-13,Utilities,Electricity Bill
193.84,2024-11-13,Education,Bookstore
75.2,2024-11-14,Personal Care,Pharmacy
47.98,2024-11-14,Health,Therapy Session
64.03,2024-11-15,Entertainment,Streaming Service Subscription
163.36,2024-11-15,Shopping,Clothing Store Sale
54.14,2024-11-16,Education,Workshop Fee
51.11,2024-11-17,Education,Workshop Fee
6.53,2024-11-18,Personal Care,Pharmacy
20.72,2024-11-18,Groceries,Supermarket A
49.62,2024-11-19,Health,Therapy Session
127.99,2024-11-20,Health,Gym Membership
155.55,2024-11-21,Shopping,Bookshop
17.35,2024-11-21,Dining Out,Sushi Bar
83.2,2024-11-23,Health,Gym Membership
28.12,2024-11-23,Shopping,Online Electronics
54.48,2024-11-23,Utilities,Water Bill
10.92,2024-11-23,Personal Care,Spa Center
61.58,2024-11-24,Entertainment,Cinema Tickets
41.31,2024-11-24,Health,Gym Membership
96.83,2024-11-24,Utilities,Electricity Bill
108.52,2024-11-24,Utilities,Internet Provider
28.08,2024-11-24,Transportation,Ride Sharing App
17.8,2024-11-25,Transportation,Ride Sharing App
39.21,2024-11-25,Personal Care,Spa Center
106.64,2024-11-25,Shopping,Bookshop
35.34,2024-11-27,Dining Out,Coffee Shop Downtown
188.32,2024-11-29,Shopping,Clothing Store Sale
72.93,2024-11-30,Groceries,Local Supermarket
399.02,2024-11-30,Travel,Train Ticket
10.16,2024-11-30,Transportation,Bus Pass Kiosk
190.85,2024-12-01,Education,Workshop Fee
11.4,2024-12-01,Personal Care,Pharmacy
39.61,2024-12-01,Utilities,Electricity Bill
16.19,2024-12-02,Transportation,Petrol Station
111.03,2024-12-02,Shopping,Home Decor
69.08,2024-12-03,Entertainment,Streaming Service Subscription
22.39,2024-12-04,Personal Care,Haircut
76.05,2024-12-04,Utilities,Electricity Bill
7.3,2024-12-04,Dining Out,Lunch Cafe
297.65,2024-12-06,Travel,Flight Booking
42.1,2024-12-07,Transportation,Ride Sharing App
111.46,2024-12-07,Shopping,Home Decor
68.69,2024-12-07,Entertainment,Concert Venue
28.35,2024-12-08,Personal Care,Pharmacy
25.25,2024-12-08,Transportation,Bus Pass Kiosk
80.76,2024-12-08,Entertainment,Cinema Tickets
30.67,2024-12-09,Personal Care,Pharmacy
12.77,2024-12-10,Entertainment,Cinema Tickets
162.46,2024-12-10,Education,Online Course
36.28,2024-12-10,Groceries,Local Supermarket
66.51,2024-12-11,Groceries,Local Supermarket
139.03,2024-12-11,Education,Workshop Fee
27.27,2024-12-11,Dining Out,Pizzeria Bella
252.91,2024-12-12,Travel,Hotel Stay
65.64,2024-12-12,Entertainment,Concert Venue
40.75,2024-12-14,Personal Care,Haircut
175.12,2024-12-14,Travel,Hotel Stay
111.44,2024-12-14,Health,Therapy Session
45.79,2024-12-14,Transportation,Petrol Station
50.69,2024-12-14,Education,Online Course
52.85,2024-12-15,Health,Doctor Visit
64.34,2024-12-15,Groceries,Grocery Store B
37.33,2024-12-15,Personal Care,Spa Center
83.64,2024-12-15,Utilities,Electricity Bill
97.39,2024-12-15,Utilities,Water Bill
115.88,2024-12-17,Health,Gym Membership
30.01,2024-12-18,Dining Out,Sushi Bar
29.3,2024-12-18,Dining Out,Lunch Cafe
34.71,2024-12-18,Dining Out,Sushi Bar
99.65,2024-12-20,Utilities,Internet Provider
116.33,2024-12-20,Groceries,Local Supermarket
76.03,2024-12-21,Entertainment,Streaming Service Subscription
390.58,2024-12-21,Travel,Hotel Stay
24.2,2024-12-21,Shopping,Online Electronics
88.63,2024-12-22,Entertainment,Streaming Service Subscription
24.47,2024-12-22,Dining Out,Pizzeria Bella
21.47,2024-12-22,Entertainment,Streaming Service Subscription
24.97,2024-12-23,Dining Out,Sushi Bar
56.39,2024-12-23,Personal Care,Haircut
406.78,2024-12-24,Travel,Hotel Stay
111.56,2024-12-26,Education,Workshop Fee
17.53,2024-12-27,Shopping,Online Electronics
107.91,2024-12-28,Utilities,Electricity Bill
69.45,2024-12-28,Utilities,Water Bill
112.44,2024-12-28,Health,Doctor Visit
16.05,2024-12-28,Transportation,Ride Sharing App
201.59,2024-12-28,Travel,Flight Booking
75.78,2024-12-29,Shopping,Clothing Store Sale
32.88,2024-12-29,Dining Out,Coffee Shop Downtown
65.23,2024-12-29,Personal Care,Pharmacy
114.18,2024-12-29,Groceries,Grocery Store B
174.46,2024-12-29,Education,Online Course
102.19,2024-12-30,Utilities,Electricity Bill
63.48,2024-12-30,Entertainment,Cinema Tickets
28.61,2024-12-30,Dining Out,Sushi Bar
46.55,2024-12-30,Utilities,Water Bill
35.03,2024-12-30,Entertainment,Cinema Tickets
171.14,2024-12-30,Education,Online Course
122.27,2024-12-31,Health,Therapy Session
7.91,2025-01-01,Personal Care,Haircut
128.6,2025-01-01,Utilities,Internet Provider
118.34,2025-01-01,Groceries,Local Supermarket
33.87,2025-01-01,Personal Care,Haircut
16.84,2025-01-02,Transportation,Bus Pass Kiosk
223.24,2025-01-02,Education,Workshop Fee
83.18,2025-01-02,Entertainment,Streaming Service Subscription
139.73,2025-01-03,Utilities,Electricity Bill
111.12,2025-01-04,Shopping,Clothing Store Sale
111.11,2025-01-05,Health,Gym Membership
302.53,2025-01-05,Travel,Hotel Stay
42.78,2025-01-05,Transportation,Ride Sharing App
53.78,2025-01-06,Groceries,Local Supermarket
81.45,2025-01-06,Health,Doctor Visit
20.83,2025-01-07,Personal Care,Pharmacy
324.66,2025-01-07,Travel,Train Ticket
94.29,2025-01-11,Education,Workshop Fee
111.14,2025-01-11,Utilities,Electricity Bill
40.77,2025-01-11,Entertainment,Concert Venue
340.8,2025-01-12,Travel,Train Ticket
35.3,2025-01-12,Entertainment,Concert Venue
27.17,2025-01-12,Personal Care,Haircut
107.74,2025-01-12,Health,Doctor Visit
31.52,2025-01-12,Dining Out,Sushi Bar
122.31,2025-01-13,Utilities,Water Bill
77.53,2025-01-14,Education,Bookstore
31.31,2025-01-14,Dining Out,Sushi Bar
35.61,2025-01-14,Transportation,Petrol Station
89.9,2025-01-15,Groceries,Supermarket A
95.78,2025-01-15,Health,Therapy Session
24.16,2025-01-16,Entertainment,Concert Venue
103.43,2025-01-16,Groceries,Local Supermarket
26.89,2025-01-16,Transportation,Bus Pass Kiosk
261.09,2025-01-17,Travel,Hotel Stay
135.59,2025-01-17,Travel,Train Ticket
115.45,2025-01-18,Health,Gym Membership
71.13,2025-01-18,Utilities,Water Bill
482.14,2025-01-18,Travel,Hotel Stay
81.19,2025-01-18,Groceries,Grocery Store B
24.46,2025-01-19,Education,Online Course
28.39,2025-01-19,Groceries,Grocery Store B
144.74,2025-01-20,Utilities,Water Bill
72.31,2025-01-20,Travel,Train Ticket
11.34,2025-01-21,Dining Out,Coffee Shop Downtown
86.39,2025-01-21,Groceries,Supermarket A
125.48,2025-01-23,Education,Workshop Fee
44.43,2025-01-23,Health,Gym Membership
176.29,2025-01-24,Education,Workshop Fee
107.21,2025-01-25,Education,Online Course
72.42,2025-01-25,Personal Care,Haircut
10.7,2025-01-25,Transportation,Bus Pass Kiosk
192.03,2025-01-25,Shopping,Clothing Store Sale
24.76,2025-01-25,Transportation,Ride Sharing App
27.61,2025-01-26,Transportation,Petrol Station
13.88,2025-01-26,Shopping,Bookshop
230.18,2025-01-26,Education,Online Course
53.94,2025-01-26,Education,Workshop Fee
40.6,2025-01-27,Utilities,Electricity Bill
30.28,2025-01-27,Health,Gym Membership
21.6,2025-01-27,Entertainment,Concert Venue
116.51,2025-01-28,Education,Online Course
62.94,2025-01-28,Entertainment,Cinema Tickets
102.21,2025-01-28,Health,Doctor Visit
39.63,2025-01-29,Entertainment,Concert Venue
480.21,2025-01-29,Travel,Flight Booking
115.18,2025-01-29,Shopping,Home Decor
46.48,2025-01-30,Entertainment,Concert Venue
76.3,2025-01-30,Personal Care,Haircut
19.58,2025-01-30,Transportation,Bus Pass Kiosk
87.3,2025-01-30,Travel,Flight Booking
23.93,2025-01-30,Dining Out,Lunch Cafe
46.6,2025-01-31,Personal Care,Pharmacy
16.19,2025-01-31,Shopping,Clothing Store Sale
111.15,2025-01-31,Health,Gym Membership
90.81,2025-02-01,Education,Workshop Fee
41.68,2025-02-02,Groceries,Supermarket A
27.09,2025-02-02,Entertainment,Concert Venue
22.24,2025-02-02,Dining Out,Fast Food Z
81.75,2025-02-02,Entertainment,Cinema Tickets
388.68,2025-02-03,Travel,Flight Booking
124.93,2025-02-03,Utilities,Water Bill
31.22,2025-02-05,Personal Care,Spa Center
20.41,2025-02-05,Transportation,Petrol Station
116.54,2025-02-06,Health,Doctor Visit
52.12,2025-02-06,Entertainment,Cinema Tickets
88.76,2025-02-07,Health,Gym Membership
22.6,2025-02-07,Dining Out,Lunch Cafe
90.61,2025-02-07,Groceries,Local Supermarket
77.16,2025-02-08,Groceries,Local Supermarket
144.94,2025-02-08,Health,Gym Membership
103.65,2025-02-08,Shopping,Bookshop
38.59,2025-02-08,Transportation,Bus Pass Kiosk
36.24,2025-02-09,Groceries,Local Supermarket
52.76,2025-02-09,Education,Workshop Fee
35.6,2025-02-09,Utilities,Internet Provider
115.46,2025-02-09,Health,Gym Membership
44.96,2025-02-09,Personal Care,Pharmacy
99.45,2025-02-11,Utilities,Internet Provider
35.51,2025-02-14,Groceries,Local Supermarket
79.5,2025-02-15,Utilities,Electricity Bill
8.51,2025-02-15,Personal Care,Pharmacy
35.56,2025-02-16,Dining Out,Pizzeria Bella
33.95,2025-02-16,Dining Out,Fast Food Z
349.72,2025-02-16,Travel,Flight Booking
48.23,2025-02-16,Utilities,Electricity Bill
65.8,2025-02-16,Entertainment,Concert Venue
114.53,2025-02-18,Shopping,Clothing Store Sale
148.74,2025-02-19,Travel,Train Ticket
97.41,2025-02-19,Groceries,Grocery Store B
31.05,2025-02-20,Personal Care,Spa Center
51.95,2025-02-22,Utilities,Electricity Bill
128.93,2025-02-23,Health,Gym Membership
93.21,2025-02-23,Groceries,Supermarket A
62.03,2025-02-24,Health,Doctor Visit
77.32,2025-02-26,Shopping,Clothing Store Sale
100.06,2025-02-26,Groceries,Grocery Store B
12.15,2025-02-27,Shopping,Bookshop
60.04,2025-02-27,Health,Doctor Visit
125.51,2025-02-27,Utilities,Electricity Bill
118.06,2025-02-28,Travel,Flight Booking
97.35,2025-03-01,Health,Therapy Session
95.12,2025-03-01,Travel,Hotel Stay
85.74,2025-03-01,Entertainment,Cinema Tickets
362.95,2025-03-01,Travel,Hotel Stay
30.22,2025-03-01,Utilities,Electricity Bill
39.97,2025-03-02,Entertainment,Streaming Service Subscription
118.42,2025-03-02,Groceries,Supermarket A
61.74,2025-03-02,Personal Care,Pharmacy
17.55,2025-03-03,Personal Care,Pharmacy
31.94,2025-03-03,Personal Care,Pharmacy
73.38,2025-03-03,Health,Doctor Visit
118.48,2025-03-06,Travel,Train Ticket
59.88,2025-03-06,Utilities,Water Bill
78.94,2025-03-08,Personal Care,Spa Center
89.97,2025-03-09,Groceries,Local Supermarket
6.05,2025-03-09,Personal Care,Haircut
31.14,2025-03-10,Entertainment,Streaming Service Subscription
198.15,2025-03-10,Shopping,Online Electronics
40.71,2025-03-10,Groceries,Local Supermarket
53.6,2025-03-11,Education,Bookstore
74.85,2025-03-12,Personal Care,Pharmacy
40.89,2025-03-12,Transportation,Bus Pass Kiosk
53.37,2025-03-12,Personal Care,Spa Center
20.33,2025-03-13,Health,Doctor Visit
103.16,2025-03-15,Health,Doctor Visit
394.37,2025-03-16,Travel,Flight Booking
14.7,2025-03-16,Transportation,Bus Pass Kiosk
72.14,2025-03-16,Travel,Train Ticket
61.24,2025-03-16,Groceries,Grocery Store B
94.05,2025-03-16,Entertainment,Cinema Tickets
41.68,2025-03-17,Personal Care,Pharmacy
447.55,2025-03-17,Travel,Train Ticket
296.78,2025-03-18,Travel,Hotel Stay
142.95,2025-03-18,Shopping,Home Decor
35.59,2025-03-19,Dining Out,Fast Food Z
36.73,2025-03-20,Transportation,Bus Pass Kiosk
30.06,2025-03-21,Dining Out,Pizzeria Bella
61.94,2025-03-21,Utilities,Water Bill
75.51,2025-03-22,Utilities,Electricity Bill
41.78,2025-03-22,Health,Doctor Visit
80.45,2025-03-23,Groceries,Grocery Store B
48.4,2025-03-23,Groceries,Grocery Store B
47.91,2025-03-23,Groceries,Local Supermarket
15.75,2025-03-23,Transportation,Ride Sharing App
90.27,2025-03-23,Entertainment,Cinema Tickets
170.38,2025-03-24,Education,Workshop Fee
54.76,2025-03-24,Entertainment,Concert Venue
35.51,2025-03-26,Transportation,Petrol Station
32.68,2025-03-26,Education,Online Course
25.19,2025-03-26,Dining Out,Coffee Shop Downtown
17.66,2025-03-27,Transportation,Bus Pass Kiosk
20.39,2025-03-27,Health,Doctor Visit
172.42,2025-03-27,Shopping,Clothing Store Sale
329.24,2025-03-28,Travel,Train Ticket
79.17,2025-03-28,Entertainment,Streaming Service Subscription
85.86,2025-03-29,Travel,Hotel Stay
93.23,2025-03-29,Entertainment,Concert Venue
137.93,2025-03-30,Education,Online Course
473.74,2025-03-31,Travel,Flight Booking
27.51,2025-03-31,Entertainment,Cinema Tickets
27.08,2025-03-31,Entertainment,Streaming Service Subscription
74.09,2025-04-01,Shopping,Online Electronics
58.58,2025-04-01,Entertainment,Concert Venue
173.91,2025-04-01,Travel,Hotel Stay
44.98,2025-04-01,Transportation,Ride Sharing App
106.1,2025-04-01,Utilities,Internet Provider
105.05,2025-04-02,Health,Gym Membership
96.36,2025-04-03,Entertainment,Cinema Tickets
91.94,2025-04-04,Groceries,Grocery Store B
100.41,2025-04-05,Health,Gym Membership
284.42,2025-04-05,Travel,Train Ticket
409.67,2025-04-05,Travel,Hotel Stay
111.26,2025-04-05,Health,Doctor Visit
25.81,2025-04-06,Transportation,Bus Pass Kiosk
46.96,2025-04-07,Health,Therapy Session
57.34,2025-04-08,Health,Therapy Session
15.31,2025-04-09,Transportation,Bus Pass Kiosk
31.5,2025-04-09,Transportation,Petrol Station
88.18,2025-04-10,Education,Bookstore
141.7,2025-04-11,Health,Therapy Session
141.29,2025-04-11,Shopping,Bookshop
146.7,2025-04-12,Shopping,Online Electronics
23.35,2025-04-12,Transportation,Ride Sharing App
204.7,2025-04-12,Education,Online Course
38.01,2025-04-13,Personal Care,Spa Center
23.24,2025-04-13,Health,Therapy Session
39.43,2025-04-13,Health,Gym Membership
12.87,2025-04-14,Personal Care,Pharmacy
62.62,2025-04-14,Personal Care,Pharmacy
369.36,2025-04-14,Travel,Flight Booking
27.05,2025-04-15,Dining Out,Coffee Shop Downtown
57.85,2025-04-15,Transportation,Petrol Station
230.84,2025-04-15,Education,Online Course
51.19,2025-04-15,Utilities,Water Bill
26.94,2025-04-15,Personal Care,Pharmacy
418.93,2025-04-17,Travel,Flight Booking
26.88,2025-04-17,Education,Bookstore
12.66,2025-04-17,Transportation,Ride Sharing App
33.32,2025-04-19,Health,Doctor Visit
63.87,2025-04-19,Personal Care,Spa Center
61.8,2025-04-20,Entertainment,Concert Venue
51.2,2025-04-20,Transportation,Petrol Station
12.2,2025-04-21,Dining Out,Fast Food Z
11.98,2025-04-21,Shopping,Clothing Store Sale
59.44,2025-04-21,Groceries,Supermarket A
16.12,2025-04-22,Entertainment,Cinema Tickets
36.22,2025-04-22,Entertainment,Cinema Tickets
54.68,2025-04-23,Education,Online Course
25.27,2025-04-23,Dining Out,Lunch Cafe
148.06,2025-04-23,Travel,Hotel Stay
142.34,2025-04-24,Shopping,Home Decor
42.65,2025-04-24,Entertainment,Streaming Service Subscription
346.81,2025-04-25,Travel,Hotel Stay
111.21,2025-04-25,Utilities,Internet Provider
237.77,2025-04-26,Education,Workshop Fee
123.12,2025-04-26,Utilities,Electricity Bill
83.12,2025-04-27,Education,Bookstore
82.48,2025-04-27,Shopping,Home Decor
354.46,2025-04-27,Travel,Flight Booking
133.07,2025-04-28,Utilities,Internet Provider
22.56,2025-04-28,Entertainment,Cinema Tickets
96.48,2025-04-28,Groceries,Supermarket A
276.35,2025-04-29,Travel,Hotel Stay
37.39,2025-04-29,Utilities,Internet Provider
36.03,2025-04-30,Transportation,Bus Pass Kiosk
21.08,2025-04-30,Dining Out,Fast Food Z
162.7,2025-04-30,Education,Workshop Fee
20.19,2025-04-30,Dining Out,Fast Food Z
54.31,2025-05-01,Personal Care,Spa Center
116.5,2025-05-01,Groceries,Local Supermarket
28.9,2025-05-01,Transportation,Petrol Station
37.51,2025-05-01,Personal Care,Spa Center
9.03,2025-05-02,Personal Care,Haircut
133.01,2025-05-03,Travel,Hotel Stay
93.24,2025-05-03,Shopping,Online Electronics
128.44,2025-05-03,Shopping,Home Decor
378.1,2025-05-04,Travel,Flight Booking
440.59,2025-05-04,Travel,Hotel Stay
13.7,2025-05-04,Personal Care,Pharmacy
26.05,2025-05-04,Entertainment,Streaming Service Subscription
