amount,date,category,description/merchant,expense_type
36.72,2023-05-01,Transportation,Ride Sharing App,need
173.5,2023-05-01,Education,Bookstore,want
31.88,2023-05-01,Dining Out,Fast Food Z,want
386.61,2023-05-02,Travel,Train Ticket,want
190.3,2023-05-02,Shopping,Online Electronics,want
29.47,2023-05-03,Transportation,Bus Pass Kiosk,need
41.22,2023-05-03,Groceries,Supermarket A,need
42.42,2023-05-04,Transportation,Petrol Station,need
22.46,2023-05-04,Dining Out,Pizzeria Bella,want
31.33,2023-05-06,Dining Out,Sushi Bar,want
117.14,2023-05-06,Education,Online Course,need
100.79,2023-05-06,Groceries,Grocery Store B,need
13.15,2023-05-06,Personal Care,Pharmacy,need
99.12,2023-05-06,Entertainment,Concert Venue,want
125.64,2023-05-07,Health,Gym Membership,need
200.44,2023-05-07,Education,Bookstore,want
106.69,2023-05-07,Health,Gym Membership,need
65.18,2023-05-07,Health,Doctor Visit,need
14.83,2023-05-07,Dining Out,Lunch Cafe,want
18.52,2023-05-08,Transportation,Ride Sharing App,need
14.48,2023-05-08,Transportation,Bus Pass Kiosk,need
11.73,2023-05-08,Personal Care,Pharmacy,need
13.0,2023-05-09,Shopping,Clothing Store Sale,need
133.8,2023-05-10,Utilities,Water Bill,need
164.18,2023-05-10,Shopping,Home Decor,want
66.98,2023-05-11,Travel,Hotel Stay,want
47.77,2023-05-11,Personal Care,Haircut,want
206.86,2023-05-12,Education,Bookstore,want
58.15,2023-05-12,Transportation,Bus Pass Kiosk,need
114.39,2023-05-13,Health,Doctor Visit,need
27.83,2023-05-14,Personal Care,Haircut,want
78.34,2023-05-14,Education,Online Course,need
27.7,2023-05-15,Shopping,Home Decor,want
79.36,2023-05-15,Utilities,Electricity Bill,need
74.07,2023-05-15,Education,Bookstore,want
118.53,2023-05-15,Shopping,Online Electronics,want
47.33,2023-05-16,Shopping,Home Decor,want
29.8,2023-05-16,Health,Therapy Session,need
29.27,2023-05-16,Transportation,Petrol Station,need
32.19,2023-05-17,Dining Out,Pizzeria Bella,want
104.06,2023-05-19,Utilities,Water Bill,need
29.33,2023-05-19,Transportation,Petrol Station,need
220.14,2023-05-19,Travel,Hotel Stay,want
97.36,2023-05-20,Health,Gym Membership,need
206.15,2023-05-20,Travel,Train Ticket,want
39.78,2023-05-21,Utilities,Water Bill,need
50.21,2023-05-21,Transportation,Ride Sharing App,need
38.88,2023-05-22,Personal Care,Spa Center,want
145.36,2023-05-22,Health,Gym Membership,need
32.73,2023-05-22,Personal Care,Pharmacy,need
47.0,2023-05-23,Groceries,Local Supermarket,need
296.0,2023-05-23,Travel,Flight Booking,want
108.65,2023-05-26,Groceries,Grocery Store B,need
10.01,2023-05-27,Entertainment,Streaming Service Subscription,want
23.7,2023-05-27,Dining Out,Fast Food Z,want
90.96,2023-05-28,Entertainment,Cinema Tickets,want
78.12,2023-05-30,Personal Care,Spa Center,want
43.68,2023-05-30,Utilities,Internet Provider,need
114.29,2023-05-30,Utilities,Electricity Bill,need
33.1,2023-05-30,Dining Out,Coffee Shop Downtown,want
145.7,2023-05-31,Education,Workshop Fee,need
26.71,2023-06-01,Groceries,Local Supermarket,need
50.34,2023-06-01,Groceries,Supermarket A,need
14.36,2023-06-02,Transportation,Petrol Station,need
178.84,2023-06-02,Shopping,Home Decor,want
44.01,2023-06-02,Transportation,Ride Sharing App,need
100.44,2023-06-03,Health,Therapy Session,need
370.97,2023-06-03,Travel,Train Ticket,want
26.06,2023-06-04,Transportation,Ride Sharing App,need
98.24,2023-06-04,Health,Gym Membership,need
24.3,2023-06-04,Personal Care,Haircut,want
38.87,2023-06-04,Utilities,Electricity Bill,need
74.46,2023-06-05,Groceries,Supermarket A,need
136.26,2023-06-05,Education,Workshop Fee,need
238.09,2023-06-05,Education,Workshop Fee,need
43.74,2023-06-06,Utilities,Internet Provider,need
91.27,2023-06-07,Entertainment,Cinema Tickets,want
175.81,2023-06-07,Education,Online Course,need
167.45,2023-06-08,Shopping,Bookshop,want
51.08,2023-06-09,Utilities,Electricity Bill,need
24.26,2023-06-09,Transportation,Petrol Station,need
37.47,2023-06-10,Utilities,Water Bill,need
22.34,2023-06-11,Dining Out,Pizzeria Bella,want
15.55,2023-06-11,Dining Out,Lunch Cafe,want
42.26,2023-06-11,Groceries,Supermarket A,need
27.32,2023-06-11,Dining Out,Coffee Shop Downtown,want
104.43,2023-06-11,Utilities,Water Bill,need
47.91,2023-06-12,Entertainment,Streaming Service Subscription,want
27.92,2023-06-13,Dining Out,Pizzeria Bella,want
127.52,2023-06-14,Education,Bookstore,want
187.35,2023-06-15,Travel,Hotel Stay,want
226.6,2023-06-15,Education,Workshop Fee,need
435.17,2023-06-15,Travel,Hotel Stay,want
22.58,2023-06-15,Dining Out,Lunch Cafe,want
62.49,2023-06-15,Groceries,Supermarket A,need
119.6,2023-06-15,Groceries,Grocery Store B,need
49.55,2023-06-16,Health,Therapy Session,need
17.13,2023-06-16,Personal Care,Haircut,want
58.46,2023-06-17,Personal Care,Pharmacy,need
95.37,2023-06-17,Shopping,Online Electronics,want
105.34,2023-06-18,Utilities,Water Bill,need
166.72,2023-06-18,Travel,Flight Booking,want
41.25,2023-06-18,Groceries,Local Supermarket,need
18.6,2023-06-19,Personal Care,Haircut,want
89.36,2023-06-19,Health,Gym Membership,need
56.63,2023-06-19,Groceries,Supermarket A,need
46.13,2023-06-21,Transportation,Ride Sharing App,need
181.63,2023-06-21,Shopping,Clothing Store Sale,need
80.89,2023-06-21,Entertainment,Cinema Tickets,want
24.31,2023-06-22,Dining Out,Pizzeria Bella,want
23.51,2023-06-23,Dining Out,Fast Food Z,want
56.98,2023-06-23,Entertainment,Concert Venue,want
9.64,2023-06-23,Dining Out,Coffee Shop Downtown,want
14.83,2023-06-24,Transportation,Ride Sharing App,need
43.68,2023-06-25,Entertainment,Cinema Tickets,want
120.31,2023-06-25,Travel,Flight Booking,want
59.54,2023-06-25,Education,Workshop Fee,need
21.31,2023-06-25,Transportation,Ride Sharing App,need
62.85,2023-06-27,Personal Care,Spa Center,want
256.34,2023-06-27,Travel,Hotel Stay,want
98.55,2023-06-28,Utilities,Electricity Bill,need
58.31,2023-06-28,Travel,Flight Booking,want
44.02,2023-06-29,Transportation,Bus Pass Kiosk,need
175.97,2023-06-30,Shopping,Home Decor,want
10.32,2023-06-30,Entertainment,Cinema Tickets,want
14.72,2023-06-30,Entertainment,Cinema Tickets,want
130.56,2023-06-30,Health,Doctor Visit,need
49.9,2023-06-30,Entertainment,Streaming Service Subscription,want
125.13,2023-06-30,Health,Therapy Session,need
47.31,2023-07-01,Groceries,Grocery Store B,need
164.04,2023-07-01,Shopping,Home Decor,want
70.61,2023-07-01,Health,Therapy Session,need
131.04,2023-07-01,Shopping,Bookshop,want
41.4,2023-07-02,Groceries,Local Supermarket,need
119.38,2023-07-04,Utilities,Internet Provider,need
430.51,2023-07-04,Travel,Hotel Stay,want
16.35,2023-07-05,Entertainment,Streaming Service Subscription,want
108.78,2023-07-05,Utilities,Electricity Bill,need
79.71,2023-07-05,Personal Care,Haircut,want
109.67,2023-07-06,Education,Bookstore,want
95.46,2023-07-06,Entertainment,Streaming Service Subscription,want
30.99,2023-07-06,Shopping,Home Decor,want
167.4,2023-07-07,Shopping,Online Electronics,want
11.38,2023-07-07,Personal Care,Spa Center,want
165.05,2023-07-07,Shopping,Bookshop,want
22.57,2023-07-08,Health,Therapy Session,need
194.65,2023-07-08,Travel,Hotel Stay,want
76.3,2023-07-08,Education,Online Course,need
12.31,2023-07-08,Transportation,Ride Sharing App,need
59.93,2023-07-09,Groceries,Grocery Store B,need
69.53,2023-07-09,Travel,Hotel Stay,want
26.16,2023-07-09,Personal Care,Pharmacy,need
40.1,2023-07-09,Groceries,Supermarket A,need
99.75,2023-07-10,Education,Workshop Fee,need
30.27,2023-07-10,Transportation,Ride Sharing App,need
12.2,2023-07-10,Transportation,Ride Sharing App,need
131.65,2023-07-11,Travel,Train Ticket,want
47.7,2023-07-11,Utilities,Water Bill,need
37.31,2023-07-13,Groceries,Grocery Store B,need
139.72,2023-07-13,Utilities,Electricity Bill,need
16.26,2023-07-13,Personal Care,Pharmacy,need
39.09,2023-07-14,Entertainment,Cinema Tickets,want
51.85,2023-07-15,Utilities,Water Bill,need
161.34,2023-07-15,Shopping,Bookshop,want
17.22,2023-07-15,Transportation,Bus Pass Kiosk,need
25.67,2023-07-15,Personal Care,Haircut,want
26.63,2023-07-15,Transportation,Ride Sharing App,need
228.66,2023-07-16,Education,Online Course,need
188.23,2023-07-16,Education,Online Course,need
475.81,2023-07-16,Travel,Flight Booking,want
117.25,2023-07-16,Utilities,Water Bill,need
291.11,2023-07-17,Travel,Train Ticket,want
34.64,2023-07-18,Transportation,Ride Sharing App,need
34.44,2023-07-18,Personal Care,Pharmacy,need
159.94,2023-07-18,Shopping,Clothing Store Sale,need
8.19,2023-07-19,Dining Out,Fast Food Z,want
115.53,2023-07-19,Health,Doctor Visit,need
104.59,2023-07-19,Utilities,Electricity Bill,need
191.74,2023-07-20,Shopping,Home Decor,want
130.38,2023-07-21,Utilities,Water Bill,need
95.93,2023-07-22,Entertainment,Cinema Tickets,want
46.3,2023-07-22,Entertainment,Concert Venue,want
20.35,2023-07-22,Personal Care,Haircut,want
45.75,2023-07-22,Shopping,Home Decor,want
35.35,2023-07-23,Dining Out,Lunch Cafe,want
136.99,2023-07-23,Health,Doctor Visit,need
20.51,2023-07-24,Personal Care,Pharmacy,need
100.18,2023-07-25,Education,Bookstore,want
288.07,2023-07-27,Travel,Hotel Stay,want
122.31,2023-07-29,Shopping,Online Electronics,want
9.16,2023-07-29,Personal Care,Haircut,want
45.3,2023-07-29,Education,Bookstore,want
63.9,2023-07-29,Personal Care,Haircut,want
44.3,2023-07-29,Transportation,Petrol Station,need
21.43,2023-07-30,Dining Out,Lunch Cafe,want
89.67,2023-07-30,Health,Therapy Session,need
19.93,2023-07-30,Personal Care,Pharmacy,need
195.73,2023-07-30,Shopping,Clothing Store Sale,need
94.72,2023-07-30,Health,Therapy Session,need
21.81,2023-07-31,Personal Care,Haircut,want
15.78,2023-07-31,Dining Out,Pizzeria Bella,want
31.96,2023-08-01,Transportation,Ride Sharing App,need
75.05,2023-08-01,Groceries,Grocery Store B,need
141.89,2023-08-01,Health,Therapy Session,need
129.54,2023-08-01,Utilities,Internet Provider,need
78.05,2023-08-01,Shopping,Bookshop,want
104.34,2023-08-02,Health,Therapy Session,need
17.69,2023-08-05,Transportation,Bus Pass Kiosk,need
15.69,2023-08-05,Dining Out,Fast Food Z,want
15.43,2023-08-06,Transportation,Petrol Station,need
187.77,2023-08-07,Shopping,Home Decor,want
68.24,2023-08-09,Education,Online Course,need
38.98,2023-08-10,Dining Out,Pizzeria Bella,want
47.03,2023-08-10,Transportation,Bus Pass Kiosk,need
51.32,2023-08-11,Personal Care,Pharmacy,need
6.05,2023-08-11,Personal Care,Spa Center,want
30.68,2023-08-12,Shopping,Bookshop,want
131.57,2023-08-12,Utilities,Internet Provider,need
37.28,2023-08-12,Groceries,Grocery Store B,need
65.75,2023-08-13,Personal Care,Haircut,want
25.29,2023-08-14,Dining Out,Lunch Cafe,want
96.65,2023-08-15,Groceries,Grocery Store B,need
28.04,2023-08-15,Dining Out,Sushi Bar,want
10.64,2023-08-15,Shopping,Clothing Store Sale,need
77.33,2023-08-18,Travel,Hotel Stay,want
467.16,2023-08-18,Travel,Train Ticket,want
109.41,2023-08-19,Utilities,Water Bill,need
71.68,2023-08-19,Health,Gym Membership,need
108.93,2023-08-19,Shopping,Home Decor,want
52.25,2023-08-20,Education,Online Course,need
92.98,2023-08-20,Education,Workshop Fee,need
13.94,2023-08-20,Dining Out,Sushi Bar,want
55.95,2023-08-20,Groceries,Grocery Store B,need
164.9,2023-08-20,Shopping,Online Electronics,want
51.17,2023-08-21,Transportation,Ride Sharing App,need
25.38,2023-08-21,Transportation,Ride Sharing App,need
25.83,2023-08-22,Dining Out,Fast Food Z,want
71.06,2023-08-23,Personal Care,Spa Center,want
38.55,2023-08-24,Dining Out,Lunch Cafe,want
62.85,2023-08-25,Education,Workshop Fee,need
57.9,2023-08-25,Personal Care,Haircut,want
315.65,2023-08-25,Travel,Flight Booking,want
40.29,2023-08-26,Personal Care,Haircut,want
50.37,2023-08-27,Transportation,Ride Sharing App,need
24.85,2023-08-28,Groceries,Supermarket A,need
22.45,2023-08-29,Personal Care,Haircut,want
59.93,2023-08-29,Health,Doctor Visit,need
116.23,2023-08-29,Education,Workshop Fee,need
135.04,2023-08-30,Shopping,Online Electronics,want
32.29,2023-08-30,Shopping,Online Electronics,want
120.61,2023-08-30,Utilities,Electricity Bill,need
34.17,2023-08-31,Dining Out,Sushi Bar,want
43.8,2023-09-01,Entertainment,Cinema Tickets,want
78.98,2023-09-01,Utilities,Water Bill,need
107.29,2023-09-02,Groceries,Supermarket A,need
16.34,2023-09-03,Education,Workshop Fee,need
36.59,2023-09-03,Health,Doctor Visit,need
11.64,2023-09-04,Transportation,Ride Sharing App,need
144.14,2023-09-04,Health,Gym Membership,need
59.29,2023-09-05,Groceries,Supermarket A,need
43.14,2023-09-05,Shopping,Bookshop,want
142.62,2023-09-06,Health,Therapy Session,need
44.43,2023-09-07,Transportation,Ride Sharing App,need
26.63,2023-09-07,Health,Therapy Session,need
19.68,2023-09-08,Personal Care,Spa Center,want
24.28,2023-09-09,Health,Therapy Session,need
86.87,2023-09-10,Utilities,Water Bill,need
33.02,2023-09-11,Entertainment,Cinema Tickets,want
48.19,2023-09-11,Personal Care,Haircut,want
50.15,2023-09-12,Transportation,Ride Sharing App,need
21.09,2023-09-12,Transportation,Petrol Station,need
16.77,2023-09-14,Transportation,Ride Sharing App,need
46.24,2023-09-14,Health,Therapy Session,need
22.59,2023-09-15,Dining Out,Coffee Shop Downtown,want
105.2,2023-09-15,Shopping,Home Decor,want
42.9,2023-09-15,Education,Bookstore,want
75.96,2023-09-15,Personal Care,Pharmacy,need
33.54,2023-09-15,Entertainment,Cinema Tickets,want
146.34,2023-09-15,Shopping,Bookshop,want
20.08,2023-09-16,Personal Care,Spa Center,want
198.84,2023-09-16,Education,Bookstore,want
123.38,2023-09-17,Education,Workshop Fee,need
72.73,2023-09-17,Groceries,Local Supermarket,need
103.09,2023-09-17,Groceries,Local Supermarket,need
39.34,2023-09-17,Groceries,Grocery Store B,need
99.58,2023-09-17,Health,Doctor Visit,need
84.38,2023-09-18,Shopping,Online Electronics,want
136.17,2023-09-18,Shopping,Home Decor,want
44.9,2023-09-19,Utilities,Internet Provider,need
69.17,2023-09-19,Personal Care,Pharmacy,need
55.69,2023-09-19,Transportation,Ride Sharing App,need
54.87,2023-09-20,Health,Doctor Visit,need
42.07,2023-09-21,Groceries,Local Supermarket,need
135.09,2023-09-21,Education,Online Course,need
97.77,2023-09-21,Entertainment,Streaming Service Subscription,want
57.68,2023-09-22,Shopping,Online Electronics,want
313.51,2023-09-22,Travel,Flight Booking,want
70.54,2023-09-22,Health,Gym Membership,need
89.37,2023-09-23,Entertainment,Concert Venue,want
447.08,2023-09-23,Travel,Train Ticket,want
39.16,2023-09-23,Dining Out,Fast Food Z,want
81.91,2023-09-24,Shopping,Clothing Store Sale,need
154.57,2023-09-24,Education,Online Course,need
42.76,2023-09-24,Personal Care,Pharmacy,need
59.91,2023-09-24,Transportation,Ride Sharing App,need
79.38,2023-09-24,Shopping,Clothing Store Sale,need
37.67,2023-09-25,Transportation,Petrol Station,need
46.6,2023-09-25,Transportation,Ride Sharing App,need
120.39,2023-09-26,Health,Therapy Session,need
39.7,2023-09-29,Education,Online Course,need
99.78,2023-09-30,Health,Therapy Session,need
126.17,2023-09-30,Education,Bookstore,want
63.63,2023-09-30,Travel,Train Ticket,want
96.83,2023-09-30,Entertainment,Streaming Service Subscription,want
278.63,2023-10-01,Travel,Hotel Stay,want
116.48,2023-10-01,Travel,Train Ticket,want
99.79,2023-10-01,Entertainment,Cinema Tickets,want
27.43,2023-10-01,Dining Out,Fast Food Z,want
75.45,2023-10-01,Health,Doctor Visit,need
32.85,2023-10-02,Shopping,Online Electronics,want
24.11,2023-10-03,Groceries,Supermarket A,need
89.83,2023-10-03,Groceries,Supermarket A,need
52.49,2023-10-03,Transportation,Bus Pass Kiosk,need
30.55,2023-10-04,Dining Out,Fast Food Z,want
56.18,2023-10-04,Transportation,Ride Sharing App,need
368.38,2023-10-04,Travel,Hotel Stay,want
74.54,2023-10-06,Personal Care,Haircut,want
55.64,2023-10-06,Education,Bookstore,want
119.61,2023-10-07,Health,Doctor Visit,need
128.48,2023-10-07,Education,Workshop Fee,need
40.62,2023-10-07,Entertainment,Cinema Tickets,want
235.34,2023-10-07,Travel,Train Ticket,want
53.02,2023-10-08,Personal Care,Pharmacy,need
31.02,2023-10-09,Dining Out,Sushi Bar,want
33.58,2023-10-09,Dining Out,Pizzeria Bella,want
75.2,2023-10-10,Utilities,Water Bill,need
48.67,2023-10-11,Personal Care,Pharmacy,need
108.9,2023-10-11,Travel,Hotel Stay,want
21.84,2023-10-12,Entertainment,Streaming Service Subscription,want
26.2,2023-10-12,Transportation,Bus Pass Kiosk,need
95.57,2023-10-12,Education,Online Course,need
29.89,2023-10-14,Dining Out,Coffee Shop Downtown,want
36.88,2023-10-14,Groceries,Supermarket A,need
129.79,2023-10-14,Utilities,Internet Provider,need
56.01,2023-10-15,Health,Therapy Session,need
95.7,2023-10-16,Entertainment,Concert Venue,want
84.19,2023-10-16,Groceries,Local Supermarket,need
78.4,2023-10-16,Entertainment,Cinema Tickets,want
89.34,2023-10-17,Entertainment,Cinema Tickets,want
65.41,2023-10-17,Personal Care,Pharmacy,need
44.2,2023-10-18,Personal Care,Spa Center,want
66.24,2023-10-18,Personal Care,Haircut,want
12.05,2023-10-19,Shopping,Bookshop,want
15.01,2023-10-19,Entertainment,Streaming Service Subscription,want
92.23,2023-10-19,Groceries,Local Supermarket,need
120.12,2023-10-20,Health,Doctor Visit,need
113.29,2023-10-20,Education,Online Course,need
15.25,2023-10-20,Entertainment,Streaming Service Subscription,want
30.4,2023-10-21,Dining Out,Coffee Shop Downtown,want
94.54,2023-10-22,Utilities,Internet Provider,need
90.44,2023-10-22,Utilities,Water Bill,need
38.01,2023-10-22,Transportation,Petrol Station,need
117.21,2023-10-22,Utilities,Water Bill,need
99.83,2023-10-22,Utilities,Electricity Bill,need
25.14,2023-10-23,Transportation,Ride Sharing App,need
388.38,2023-10-24,Travel,Hotel Stay,want
22.21,2023-10-24,Health,Therapy Session,need
47.27,2023-10-24,Transportation,Bus Pass Kiosk,need
20.57,2023-10-25,Entertainment,Concert Venue,want
73.89,2023-10-25,Health,Doctor Visit,need
5.94,2023-10-25,Dining Out,Sushi Bar,want
43.74,2023-10-26,Personal Care,Pharmacy,need
97.84,2023-10-28,Education,Workshop Fee,need
21.91,2023-10-28,Transportation,Ride Sharing App,need
127.02,2023-10-28,Health,Gym Membership,need
25.61,2023-10-28,Transportation,Bus Pass Kiosk,need
126.8,2023-10-29,Health,Doctor Visit,need
99.33,2023-10-30,Utilities,Internet Provider,need
135.44,2023-10-30,Health,Doctor Visit,need
32.71,2023-10-30,Shopping,Online Electronics,want
20.27,2023-10-30,Personal Care,Haircut,want
38.91,2023-10-30,Dining Out,Pizzeria Bella,want
429.74,2023-10-31,Travel,Train Ticket,want
61.17,2023-11-01,Utilities,Water Bill,need
103.94,2023-11-01,Health,Gym Membership,need
82.12,2023-11-01,Shopping,Home Decor,want
106.79,2023-11-01,Groceries,Supermarket A,need
59.86,2023-11-02,Health,Therapy Session,need
19.5,2023-11-03,Entertainment,Cinema Tickets,want
14.14,2023-11-03,Personal Care,Haircut,want
52.97,2023-11-04,Entertainment,Streaming Service Subscription,want
45.09,2023-11-04,Transportation,Bus Pass Kiosk,need
72.1,2023-11-04,Utilities,Water Bill,need
448.38,2023-11-04,Travel,Flight Booking,want
16.03,2023-11-05,Transportation,Ride Sharing App,need
173.79,2023-11-05,Travel,Hotel Stay,want
33.09,2023-11-07,Entertainment,Streaming Service Subscription,want
57.18,2023-11-07,Transportation,Petrol Station,need
86.66,2023-11-08,Education,Workshop Fee,need
39.28,2023-11-08,Personal Care,Pharmacy,need
35.21,2023-11-11,Dining Out,Fast Food Z,want
37.2,2023-11-11,Utilities,Internet Provider,need
124.74,2023-11-11,Health,Gym Membership,need
143.38,2023-11-11,Shopping,Online Electronics,want
121.03,2023-11-11,Health,Gym Membership,need
88.45,2023-11-12,Groceries,Local Supermarket,need
32.83,2023-11-12,Health,Gym Membership,need
40.61,2023-11-12,Shopping,Home Decor,want
38.4,2023-11-12,Groceries,Grocery Store B,need
269.83,2023-11-14,Travel,Hotel Stay,want
82.86,2023-11-14,Utilities,Water Bill,need
104.49,2023-11-14,Utilities,Electricity Bill,need
45.22,2023-11-15,Transportation,Petrol Station,need
209.71,2023-11-15,Education,Workshop Fee,need
24.93,2023-11-15,Dining Out,Lunch Cafe,want
178.03,2023-11-15,Shopping,Home Decor,want
88.19,2023-11-15,Shopping,Online Electronics,want
86.11,2023-11-15,Groceries,Supermarket A,need
45.1,2023-11-16,Groceries,Grocery Store B,need
16.18,2023-11-16,Entertainment,Cinema Tickets,want
6.39,2023-11-16,Dining Out,Sushi Bar,want
135.37,2023-11-17,Health,Gym Membership,need
19.02,2023-11-18,Transportation,Petrol Station,need
60.04,2023-11-18,Health,Therapy Session,need
112.3,2023-11-18,Shopping,Online Electronics,want
105.28,2023-11-18,Health,Doctor Visit,need
24.17,2023-11-19,Dining Out,Lunch Cafe,want
22.14,2023-11-19,Personal Care,Haircut,want
156.18,2023-11-19,Education,Bookstore,want
112.43,2023-11-20,Health,Doctor Visit,need
73.71,2023-11-21,Shopping,Home Decor,want
71.91,2023-11-21,Personal Care,Haircut,want
199.49,2023-11-23,Education,Bookstore,want
136.39,2023-11-24,Shopping,Online Electronics,want
96.83,2023-11-24,Travel,Train Ticket,want
29.82,2023-11-25,Transportation,Bus Pass Kiosk,need
33.91,2023-11-25,Groceries,Local Supermarket,need
82.01,2023-11-25,Shopping,Online Electronics,want
28.81,2023-11-26,Entertainment,Cinema Tickets,want
129.48,2023-11-27,Health,Doctor Visit,need
123.9,2023-11-28,Education,Online Course,need
28.45,2023-11-29,Dining Out,Sushi Bar,want
98.18,2023-11-29,Shopping,Bookshop,want
115.52,2023-11-30,Health,Doctor Visit,need
64.56,2023-11-30,Entertainment,Streaming Service Subscription,want
143.9,2023-11-30,Health,Gym Membership,need
88.29,2023-11-30,Groceries,Local Supermarket,need
85.29,2023-11-30,Groceries,Grocery Store B,need
122.63,2023-11-30,Utilities,Water Bill,need
38.77,2023-12-01,Transportation,Ride Sharing App,need
190.31,2023-12-01,Shopping,Home Decor,want
188.57,2023-12-01,Travel,Hotel Stay,want
12.41,2023-12-01,Dining Out,Sushi Bar,want
16.32,2023-12-01,Transportation,Bus Pass Kiosk,need
116.35,2023-12-02,Groceries,Local Supermarket,need
428.22,2023-12-02,Travel,Flight Booking,want
131.35,2023-12-03,Utilities,Water Bill,need
135.51,2023-12-03,Education,Workshop Fee,need
484.67,2023-12-06,Travel,Flight Booking,want
313.47,2023-12-07,Travel,Train Ticket,want
136.26,2023-12-07,Health,Doctor Visit,need
12.85,2023-12-07,Dining Out,Sushi Bar,want
46.13,2023-12-08,Health,Doctor Visit,need
40.79,2023-12-08,Personal Care,Haircut,want
37.39,2023-12-09,Shopping,Bookshop,want
46.4,2023-12-10,Groceries,Supermarket A,need
119.82,2023-12-10,Health,Doctor Visit,need
48.29,2023-12-10,Utilities,Electricity Bill,need
115.56,2023-12-10,Groceries,Grocery Store B,need
66.02,2023-12-12,Utilities,Internet Provider,need
189.34,2023-12-12,Shopping,Bookshop,want
80.9,2023-12-13,Health,Doctor Visit,need
75.29,2023-12-13,Groceries,Local Supermarket,need
114.66,2023-12-14,Utilities,Electricity Bill,need
136.98,2023-12-14,Utilities,Internet Provider,need
46.38,2023-12-15,Groceries,Grocery Store B,need
52.21,2023-12-15,Health,Gym Membership,need
26.12,2023-12-15,Health,Gym Membership,need
140.09,2023-12-15,Education,Bookstore,want
449.95,2023-12-15,Travel,Train Ticket,want
18.8,2023-12-15,Dining Out,Pizzeria Bella,want
65.39,2023-12-16,Entertainment,Streaming Service Subscription,want
34.83,2023-12-16,Entertainment,Cinema Tickets,want
63.85,2023-12-16,Health,Gym Membership,need
339.97,2023-12-16,Travel,Hotel Stay,want
150.92,2023-12-16,Education,Workshop Fee,need
162.65,2023-12-17,Education,Online Course,need
130.58,2023-12-17,Shopping,Bookshop,want
54.22,2023-12-17,Entertainment,Streaming Service Subscription,want
38.55,2023-12-17,Education,Workshop Fee,need
93.28,2023-12-18,Shopping,Bookshop,want
85.35,2023-12-18,Shopping,Home Decor,want
130.66,2023-12-19,Utilities,Electricity Bill,need
166.38,2023-12-19,Travel,Flight Booking,want
10.41,2023-12-19,Shopping,Bookshop,want
15.86,2023-12-20,Transportation,Petrol Station,need
18.35,2023-12-21,Shopping,Bookshop,want
60.03,2023-12-21,Personal Care,Spa Center,want
12.21,2023-12-22,Transportation,Petrol Station,need
17.49,2023-12-22,Dining Out,Lunch Cafe,want
78.62,2023-12-22,Entertainment,Concert Venue,want
90.77,2023-12-23,Groceries,Grocery Store B,need
21.73,2023-12-23,Shopping,Online Electronics,want
19.84,2023-12-23,Personal Care,Haircut,want
36.71,2023-12-24,Transportation,Bus Pass Kiosk,need
51.84,2023-12-24,Utilities,Internet Provider,need
92.6,2023-12-25,Education,Workshop Fee,need
99.46,2023-12-25,Health,Therapy Session,need
45.56,2023-12-25,Entertainment,Cinema Tickets,want
241.89,2023-12-26,Education,Online Course,need
15.9,2023-12-27,Personal Care,Haircut,want
20.34,2023-12-27,Dining Out,Coffee Shop Downtown,want
48.89,2023-12-28,Entertainment,Cinema Tickets,want
33.74,2023-12-28,Groceries,Grocery Store B,need
80.69,2023-12-28,Shopping,Bookshop,want
50.91,2023-12-29,Groceries,Grocery Store B,need
219.0,2023-12-29,Education,Workshop Fee,need
73.19,2023-12-30,Education,Bookstore,want
246.88,2023-12-30,Travel,Hotel Stay,want
36.98,2023-12-30,Dining Out,Sushi Bar,want
6.8,2023-12-30,Dining Out,Fast Food Z,want
40.17,2023-12-30,Entertainment,Concert Venue,want
117.24,2023-12-31,Groceries,Local Supermarket,need
153.41,2024-01-01,Shopping,Online Electronics,want
26.09,2024-01-01,Dining Out,Pizzeria Bella,want
76.39,2024-01-01,Utilities,Electricity Bill,need
106.65,2024-01-01,Groceries,Supermarket A,need
32.55,2024-01-02,Health,Gym Membership,need
28.87,2024-01-02,Dining Out,Fast Food Z,want
485.7,2024-01-02,Travel,Train Ticket,want
37.38,2024-01-04,Transportation,Petrol Station,need
28.05,2024-01-04,Dining Out,Coffee Shop Downtown,want
78.78,2024-01-05,Entertainment,Cinema Tickets,want
52.21,2024-01-06,Transportation,Petrol Station,need
368.98,2024-01-06,Travel,Flight Booking,want
129.57,2024-01-07,Shopping,Bookshop,want
20.34,2024-01-08,Entertainment,Cinema Tickets,want
13.1,2024-01-09,Personal Care,Spa Center,want
50.4,2024-01-09,Personal Care,Spa Center,want
96.11,2024-01-09,Shopping,Online Electronics,want
326.91,2024-01-10,Travel,Flight Booking,want
74.38,2024-01-11,Groceries,Local Supermarket,need
221.47,2024-01-11,Education,Workshop Fee,need
74.59,2024-01-13,Groceries,Grocery Store B,need
212.35,2024-01-13,Education,Workshop Fee,need
29.15,2024-01-13,Groceries,Local Supermarket,need
69.9,2024-01-13,Shopping,Clothing Store Sale,need
19.9,2024-01-14,Entertainment,Streaming Service Subscription,want
26.6,2024-01-14,Transportation,Petrol Station,need
34.52,2024-01-14,Education,Online Course,need
10.11,2024-01-14,Transportation,Petrol Station,need
32.21,2024-01-14,Transportation,Bus Pass Kiosk,need
84.08,2024-01-15,Education,Bookstore,want
91.86,2024-01-15,Entertainment,Concert Venue,want
10.2,2024-01-15,Dining Out,Coffee Shop Downtown,want
80.21,2024-01-15,Health,Doctor Visit,need
33.34,2024-01-16,Dining Out,Pizzeria Bella,want
45.0,2024-01-16,Transportation,Petrol Station,need
70.76,2024-01-17,Entertainment,Concert Venue,want
46.42,2024-01-17,Utilities,Internet Provider,need
58.41,2024-01-18,Personal Care,Spa Center,want
98.74,2024-01-18,Utilities,Electricity Bill,need
46.07,2024-01-18,Health,Therapy Session,need
24.23,2024-01-19,Health,Doctor Visit,need
191.18,2024-01-19,Shopping,Clothing Store Sale,need
121.72,2024-01-20,Education,Workshop Fee,need
61.71,2024-01-20,Entertainment,Concert Venue,want
27.47,2024-01-20,Entertainment,Concert Venue,want
94.77,2024-01-21,Utilities,Electricity Bill,need
180.12,2024-01-23,Shopping,Online Electronics,want
63.02,2024-01-23,Entertainment,Streaming Service Subscription,want
16.53,2024-01-23,Transportation,Petrol Station,need
144.05,2024-01-24,Utilities,Water Bill,need
138.22,2024-01-24,Utilities,Internet Provider,need
48.17,2024-01-25,Entertainment,Streaming Service Subscription,want
17.51,2024-01-26,Dining Out,Fast Food Z,want
121.56,2024-01-26,Utilities,Electricity Bill,need
79.0,2024-01-27,Entertainment,Streaming Service Subscription,want
24.68,2024-01-27,Groceries,Grocery Store B,need
222.22,2024-01-27,Education,Online Course,need
35.83,2024-01-27,Groceries,Supermarket A,need
43.78,2024-01-27,Entertainment,Streaming Service Subscription,want
19.49,2024-01-28,Dining Out,Coffee Shop Downtown,want
387.97,2024-01-28,Travel,Flight Booking,want
74.59,2024-01-28,Health,Therapy Session,need
35.53,2024-01-28,Personal Care,Spa Center,want
70.72,2024-01-29,Entertainment,Concert Venue,want
28.7,2024-01-29,Health,Therapy Session,need
27.81,2024-01-29,Personal Care,Pharmacy,need
60.81,2024-01-30,Shopping,Clothing Store Sale,need
114.42,2024-01-30,Utilities,Electricity Bill,need
29.16,2024-01-30,Education,Bookstore,want
19.76,2024-01-30,Transportation,Petrol Station,need
20.11,2024-01-30,Dining Out,Fast Food Z,want
45.11,2024-01-31,Groceries,Supermarket A,need
193.31,2024-01-31,Shopping,Online Electronics,want
88.21,2024-01-31,Groceries,Supermarket A,need
63.02,2024-02-01,Personal Care,Haircut,want
111.44,2024-02-01,Groceries,Local Supermarket,need
31.66,2024-02-01,Transportation,Ride Sharing App,need
84.97,2024-02-02,Education,Bookstore,want
283.01,2024-02-03,Travel,Hotel Stay,want
36.85,2024-02-03,Dining Out,Sushi Bar,want
22.96,2024-02-03,Health,Doctor Visit,need
12.08,2024-02-03,Dining Out,Coffee Shop Downtown,want
62.22,2024-02-04,Personal Care,Spa Center,want
423.3,2024-02-04,Travel,Train Ticket,want
92.56,2024-02-04,Entertainment,Concert Venue,want
74.58,2024-02-05,Personal Care,Haircut,want
43.55,2024-02-05,Groceries,Grocery Store B,need
22.14,2024-02-06,Transportation,Petrol Station,need
42.5,2024-02-06,Transportation,Petrol Station,need
20.78,2024-02-06,Personal Care,Spa Center,want
13.9,2024-02-08,Entertainment,Concert Venue,want
27.81,2024-02-09,Dining Out,Pizzeria Bella,want
59.31,2024-02-09,Utilities,Electricity Bill,need
152.39,2024-02-10,Travel,Flight Booking,want
493.13,2024-02-10,Travel,Flight Booking,want
99.01,2024-02-11,Utilities,Electricity Bill,need
138.57,2024-02-11,Health,Doctor Visit,need
72.89,2024-02-11,Education,Bookstore,want
11.25,2024-02-11,Dining Out,Pizzeria Bella,want
51.9,2024-02-11,Utilities,Electricity Bill,need
81.37,2024-02-12,Entertainment,Concert Venue,want
105.84,2024-02-12,Utilities,Electricity Bill,need
139.5,2024-02-12,Health,Therapy Session,need
12.42,2024-02-13,Entertainment,Concert Venue,want
109.72,2024-02-13,Shopping,Bookshop,want
50.66,2024-02-15,Transportation,Petrol Station,need
54.47,2024-02-15,Shopping,Online Electronics,want
18.21,2024-02-16,Entertainment,Concert Venue,want
79.36,2024-02-17,Groceries,Grocery Store B,need
50.15,2024-02-18,Education,Bookstore,want
71.96,2024-02-18,Personal Care,Spa Center,want
64.43,2024-02-18,Entertainment,Cinema Tickets,want
46.63,2024-02-19,Personal Care,Pharmacy,need
16.83,2024-02-19,Personal Care,Spa Center,want
140.99,2024-02-19,Travel,Flight Booking,want
54.74,2024-02-20,Personal Care,Haircut,want
48.57,2024-02-20,Utilities,Electricity Bill,need
86.08,2024-02-21,Groceries,Grocery Store B,need
192.92,2024-02-21,Education,Bookstore,want
12.34,2024-02-22,Dining Out,Fast Food Z,want
410.21,2024-02-22,Travel,Flight Booking,want
198.32,2024-02-23,Shopping,Bookshop,want
53.25,2024-02-23,Entertainment,Concert Venue,want
39.4,2024-02-24,Personal Care,Spa Center,want
22.46,2024-02-24,Groceries,Grocery Store B,need
105.54,2024-02-24,Utilities,Internet Provider,need
125.01,2024-02-24,Health,Gym Membership,need
35.88,2024-02-24,Transportation,Bus Pass Kiosk,need
5.63,2024-02-25,Dining Out,Lunch Cafe,want
54.61,2024-02-25,Health,Therapy Session,need
75.22,2024-02-25,Entertainment,Cinema Tickets,want
54.54,2024-02-25,Groceries,Local Supermarket,need
22.67,2024-02-25,Education,Online Course,need
79.93,2024-02-26,Health,Gym Membership,need
84.86,2024-02-27,Utilities,Water Bill,need
44.73,2024-02-27,Entertainment,Concert Venue,want
87.68,2024-02-27,Utilities,Water Bill,need
126.13,2024-03-01,Shopping,Home Decor,want
119.94,2024-03-01,Utilities,Internet Provider,need
28.65,2024-03-01,Groceries,Supermarket A,need
116.69,2024-03-01,Groceries,Grocery Store B,need
71.91,2024-03-01,Entertainment,Concert Venue,want
110.03,2024-03-01,Groceries,Grocery Store B,need
58.31,2024-03-02,Personal Care,Pharmacy,need
68.44,2024-03-02,Shopping,Online Electronics,want
127.75,2024-03-02,Shopping,Home Decor,want
32.07,2024-03-02,Personal Care,Pharmacy,need
56.98,2024-03-03,Entertainment,Concert Venue,want
98.65,2024-03-03,Health,Gym Membership,need
36.19,2024-03-03,Groceries,Supermarket A,need
5.41,2024-03-04,Dining Out,Pizzeria Bella,want
24.76,2024-03-04,Groceries,Grocery Store B,need
209.73,2024-03-05,Education,Bookstore,want
54.02,2024-03-05,Health,Therapy Session,need
107.71,2024-03-06,Education,Workshop Fee,need
115.23,2024-03-06,Health,Gym Membership,need
75.47,2024-03-06,Personal Care,Haircut,want
17.25,2024-03-07,Transportation,Bus Pass Kiosk,need
102.82,2024-03-07,Utilities,Electricity Bill,need
368.02,2024-03-07,Travel,Flight Booking,want
29.89,2024-03-08,Personal Care,Pharmacy,need
166.17,2024-03-09,Shopping,Bookshop,want
78.19,2024-03-09,Entertainment,Concert Venue,want
59.09,2024-03-09,Utilities,Internet Provider,need
71.3,2024-03-10,Personal Care,Pharmacy,need
32.24,2024-03-11,Groceries,Grocery Store B,need
93.97,2024-03-12,Groceries,Supermarket A,need
207.6,2024-03-13,Education,Online Course,need
50.53,2024-03-14,Transportation,Ride Sharing App,need
34.59,2024-03-14,Utilities,Water Bill,need
77.75,2024-03-14,Personal Care,Spa Center,want
47.18,2024-03-15,Health,Therapy Session,need
37.62,2024-03-15,Groceries,Local Supermarket,need
81.78,2024-03-15,Entertainment,Streaming Service Subscription,want
26.16,2024-03-15,Entertainment,Concert Venue,want
50.22,2024-03-15,Education,Bookstore,want
17.95,2024-03-16,Education,Workshop Fee,need
12.95,2024-03-16,Transportation,Ride Sharing App,need
20.56,2024-03-17,Education,Bookstore,want
28.59,2024-03-17,Dining Out,Coffee Shop Downtown,want
44.16,2024-03-17,Transportation,Ride Sharing App,need
293.81,2024-03-17,Travel,Flight Booking,want
67.34,2024-03-17,Personal Care,Spa Center,want
38.75,2024-03-18,Entertainment,Streaming Service Subscription,want
35.2,2024-03-18,Personal Care,Spa Center,want
77.52,2024-03-18,Personal Care,Pharmacy,need
6.25,2024-03-19,Dining Out,Pizzeria Bella,want
58.35,2024-03-19,Groceries,Local Supermarket,need
195.64,2024-03-20,Shopping,Bookshop,want
12.98,2024-03-20,Personal Care,Pharmacy,need
141.07,2024-03-20,Health,Doctor Visit,need
99.71,2024-03-21,Education,Bookstore,want
37.32,2024-03-23,Transportation,Petrol Station,need
63.47,2024-03-23,Utilities,Electricity Bill,need
95.74,2024-03-23,Health,Doctor Visit,need
47.62,2024-03-23,Transportation,Petrol Station,need
217.66,2024-03-23,Education,Bookstore,want
61.76,2024-03-24,Personal Care,Spa Center,want
39.57,2024-03-25,Utilities,Water Bill,need
100.09,2024-03-25,Health,Therapy Session,need
53.74,2024-03-25,Transportation,Bus Pass Kiosk,need
445.76,2024-03-26,Travel,Flight Booking,want
36.34,2024-03-27,Personal Care,Pharmacy,need
70.97,2024-03-28,Shopping,Home Decor,want
97.5,2024-03-28,Groceries,Supermarket A,need
160.41,2024-03-28,Shopping,Bookshop,want
64.7,2024-03-30,Education,Bookstore,want
36.71,2024-03-30,Dining Out,Lunch Cafe,want
29.16,2024-03-31,Transportation,Petrol Station,need
55.37,2024-03-31,Transportation,Petrol Station,need
65.66,2024-03-31,Groceries,Grocery Store B,need
126.72,2024-04-01,Utilities,Water Bill,need
13.76,2024-04-01,Transportation,Petrol Station,need
36.93,2024-04-01,Entertainment,Concert Venue,want
95.45,2024-04-01,Entertainment,Streaming Service Subscription,want
414.86,2024-04-01,Travel,Flight Booking,want
102.63,2024-04-01,Shopping,Online Electronics,want
74.56,2024-04-02,Groceries,Grocery Store B,need
25.97,2024-04-02,Personal Care,Spa Center,want
181.2,2024-04-02,Shopping,Bookshop,want
89.75,2024-04-03,Groceries,Supermarket A,need
86.61,2024-04-03,Shopping,Home Decor,want
21.62,2024-04-04,Personal Care,Spa Center,want
12.15,2024-04-04,Transportation,Bus Pass Kiosk,need
78.33,2024-04-05,Education,Bookstore,want
143.47,2024-04-05,Utilities,Internet Provider,need
119.58,2024-04-06,Groceries,Grocery Store B,need
5.98,2024-04-06,Personal Care,Haircut,want
78.94,2024-04-07,Shopping,Bookshop,want
14.34,2024-04-07,Personal Care,Pharmacy,need
79.98,2024-04-07,Personal Care,Pharmacy,need
87.01,2024-04-07,Groceries,Local Supermarket,need
69.11,2024-04-09,Groceries,Supermarket A,need
72.12,2024-04-09,Utilities,Electricity Bill,need
77.33,2024-04-10,Shopping,Home Decor,want
116.48,2024-04-10,Groceries,Supermarket A,need
41.08,2024-04-11,Groceries,Grocery Store B,need
68.27,2024-04-13,Shopping,Online Electronics,want
149.91,2024-04-13,Utilities,Internet Provider,need
16.21,2024-04-14,Personal Care,Spa Center,want
128.06,2024-04-14,Health,Gym Membership,need
37.19,2024-04-15,Dining Out,Sushi Bar,want
50.96,2024-04-15,Entertainment,Concert Venue,want
159.42,2024-04-15,Shopping,Bookshop,want
15.38,2024-04-16,Dining Out,Coffee Shop Downtown,want
81.43,2024-04-17,Entertainment,Streaming Service Subscription,want
35.24,2024-04-17,Dining Out,Fast Food Z,want
41.14,2024-04-18,Groceries,Supermarket A,need
18.11,2024-04-19,Dining Out,Fast Food Z,want
22.63,2024-04-20,Personal Care,Haircut,want
59.32,2024-04-20,Personal Care,Spa Center,want
178.57,2024-04-20,Education,Workshop Fee,need
60.71,2024-04-21,Utilities,Internet Provider,need
8.18,2024-04-21,Dining Out,Sushi Bar,want
54.77,2024-04-21,Utilities,Internet Provider,need
70.38,2024-04-22,Entertainment,Streaming Service Subscription,want
37.3,2024-04-23,Dining Out,Pizzeria Bella,want
45.08,2024-04-23,Entertainment,Streaming Service Subscription,want
244.55,2024-04-23,Travel,Hotel Stay,want
30.2,2024-04-25,Shopping,Home Decor,want
159.25,2024-04-26,Travel,Flight Booking,want
95.15,2024-04-27,Entertainment,Concert Venue,want
168.59,2024-04-27,Education,Workshop Fee,need
41.41,2024-04-28,Shopping,Home Decor,want
39.85,2024-04-28,Personal Care,Haircut,want
104.39,2024-04-28,Shopping,Clothing Store Sale,need
23.8,2024-04-29,Entertainment,Streaming Service Subscription,want
248.19,2024-04-29,Education,Bookstore,want
120.57,2024-04-30,Health,Gym Membership,need
74.31,2024-04-30,Entertainment,Streaming Service Subscription,want
169.53,2024-04-30,Travel,Flight Booking,want
47.3,2024-05-01,Personal Care,Pharmacy,need
118.51,2024-05-01,Health,Gym Membership,need
168.19,2024-05-01,Education,Workshop Fee,need
66.7,2024-05-01,Personal Care,Spa Center,want
73.57,2024-05-01,Entertainment,Streaming Service Subscription,want
103.13,2024-05-04,Health,Gym Membership,need
30.4,2024-05-04,Personal Care,Spa Center,want
36.43,2024-05-05,Transportation,Ride Sharing App,need
36.0,2024-05-05,Personal Care,Haircut,want
31.6,2024-05-05,Transportation,Petrol Station,need
41.95,2024-05-07,Health,Doctor Visit,need
24.66,2024-05-08,Shopping,Home Decor,want
130.22,2024-05-08,Shopping,Online Electronics,want
95.79,2024-05-09,Entertainment,Streaming Service Subscription,want
45.45,2024-05-10,Personal Care,Pharmacy,need
13.74,2024-05-11,Transportation,Ride Sharing App,need
26.34,2024-05-11,Shopping,Online Electronics,want
115.05,2024-05-11,Utilities,Internet Provider,need
69.31,2024-05-12,Groceries,Grocery Store B,need
453.15,2024-05-12,Travel,Train Ticket,want
171.0,2024-05-12,Shopping,Clothing Store Sale,need
57.22,2024-05-14,Transportation,Ride Sharing App,need
46.2,2024-05-14,Groceries,Grocery Store B,need
175.75,2024-05-15,Travel,Hotel Stay,want
70.36,2024-05-15,Groceries,Grocery Store B,need
105.68,2024-05-15,Utilities,Water Bill,need
109.68,2024-05-15,Utilities,Internet Provider,need
31.0,2024-05-15,Entertainment,Streaming Service Subscription,want
76.16,2024-05-15,Groceries,Local Supermarket,need
89.88,2024-05-16,Groceries,Grocery Store B,need
87.81,2024-05-17,Travel,Flight Booking,want
137.67,2024-05-17,Shopping,Bookshop,want
306.79,2024-05-18,Travel,Flight Booking,want
19.79,2024-05-18,Dining Out,Fast Food Z,want
133.07,2024-05-19,Utilities,Water Bill,need
41.9,2024-05-21,Transportation,Bus Pass Kiosk,need
389.68,2024-05-21,Travel,Flight Booking,want
142.54,2024-05-22,Education,Bookstore,want
6.77,2024-05-23,Dining Out,Fast Food Z,want
57.46,2024-05-23,Education,Online Course,need
19.26,2024-05-24,Education,Bookstore,want
6.65,2024-05-24,Personal Care,Pharmacy,need
79.13,2024-05-24,Personal Care,Haircut,want
95.49,2024-05-25,Utilities,Electricity Bill,need
41.65,2024-05-26,Entertainment,Concert Venue,want
41.94,2024-05-26,Shopping,Bookshop,want
118.4,2024-05-26,Groceries,Local Supermarket,need
118.26,2024-05-27,Groceries,Local Supermarket,need
132.01,2024-05-27,Health,Doctor Visit,need
6.82,2024-05-28,Dining Out,Fast Food Z,want
106.76,2024-05-29,Health,Doctor Visit,need
32.98,2024-05-30,Dining Out,Pizzeria Bella,want
18.88,2024-05-30,Entertainment,Concert Venue,want
104.52,2024-05-30,Health,Therapy Session,need
34.15,2024-05-30,Dining Out,Fast Food Z,want
49.29,2024-05-30,Groceries,Local Supermarket,need
25.01,2024-05-31,Entertainment,Concert Venue,want
18.48,2024-06-01,Dining Out,Fast Food Z,want
75.86,2024-06-01,Groceries,Supermarket A,need
177.9,2024-06-01,Shopping,Clothing Store Sale,need
62.91,2024-06-02,Entertainment,Streaming Service Subscription,want
129.02,2024-06-02,Health,Gym Membership,need
48.99,2024-06-02,Personal Care,Spa Center,want
472.03,2024-06-02,Travel,Hotel Stay,want
126.01,2024-06-02,Health,Therapy Session,need
51.9,2024-06-04,Transportation,Petrol Station,need
135.31,2024-06-04,Shopping,Clothing Store Sale,need
82.89,2024-06-05,Entertainment,Concert Venue,want
198.92,2024-06-08,Education,Online Course,need
39.7,2024-06-08,Transportation,Bus Pass Kiosk,need
80.57,2024-06-09,Groceries,Grocery Store B,need
22.55,2024-06-09,Health,Gym Membership,need
14.53,2024-06-09,Transportation,Bus Pass Kiosk,need
234.32,2024-06-09,Education,Workshop Fee,need
12.81,2024-06-10,Transportation,Bus Pass Kiosk,need
69.79,2024-06-11,Personal Care,Haircut,want
34.26,2024-06-11,Groceries,Grocery Store B,need
60.52,2024-06-11,Shopping,Bookshop,want
88.2,2024-06-12,Shopping,Clothing Store Sale,need
5.73,2024-06-13,Dining Out,Fast Food Z,want
79.47,2024-06-13,Utilities,Water Bill,need
40.84,2024-06-14,Personal Care,Haircut,want
76.17,2024-06-14,Health,Doctor Visit,need
167.82,2024-06-14,Travel,Train Ticket,want
132.7,2024-06-15,Health,Gym Membership,need
6.59,2024-06-15,Dining Out,Pizzeria Bella,want
56.77,2024-06-15,Transportation,Ride Sharing App,need
221.9,2024-06-15,Travel,Flight Booking,want
27.1,2024-06-16,Health,Therapy Session,need
15.39,2024-06-17,Dining Out,Sushi Bar,want
139.74,2024-06-17,Health,Therapy Session,need
17.1,2024-06-17,Transportation,Bus Pass Kiosk,need
33.7,2024-06-18,Groceries,Supermarket A,need
95.68,2024-06-18,Health,Therapy Session,need
137.7,2024-06-18,Utilities,Internet Provider,need
68.79,2024-06-19,Personal Care,Haircut,want
218.2,2024-06-20,Education,Workshop Fee,need
51.11,2024-06-20,Health,Doctor Visit,need
10.31,2024-06-21,Transportation,Bus Pass Kiosk,need
22.77,2024-06-22,Transportation,Petrol Station,need
27.67,2024-06-22,Transportation,Bus Pass Kiosk,need
46.46,2024-06-22,Groceries,Grocery Store B,need
14.81,2024-06-22,Transportation,Petrol Station,need
41.26,2024-06-22,Shopping,Home Decor,want
53.81,2024-06-23,Transportation,Petrol Station,need
35.95,2024-06-23,Groceries,Local Supermarket,need
180.24,2024-06-23,Travel,Flight Booking,want
111.78,2024-06-23,Health,Gym Membership,need
108.99,2024-06-24,Groceries,Local Supermarket,need
159.84,2024-06-24,Shopping,Online Electronics,want
79.8,2024-06-24,Education,Bookstore,want
103.71,2024-06-25,Groceries,Supermarket A,need
16.3,2024-06-26,Dining Out,Sushi Bar,want
29.77,2024-06-26,Entertainment,Cinema Tickets,want
36.99,2024-06-26,Personal Care,Spa Center,want
406.39,2024-06-27,Travel,Hotel Stay,want
33.88,2024-06-28,Transportation,Ride Sharing App,need
31.2,2024-06-28,Utilities,Internet Provider,need
36.45,2024-06-29,Dining Out,Sushi Bar,want
60.22,2024-06-30,Utilities,Internet Provider,need
50.35,2024-06-30,Education,Online Course,need
485.86,2024-06-30,Travel,Train Ticket,want
54.3,2024-06-30,Transportation,Bus Pass Kiosk,need
32.0,2024-07-01,Transportation,Petrol Station,need
116.76,2024-07-01,Education,Workshop Fee,need
99.95,2024-07-01,Travel,Hotel Stay,want
20.66,2024-07-02,Transportation,Petrol Station,need
77.89,2024-07-02,Personal Care,Haircut,want
187.87,2024-07-02,Shopping,Bookshop,want
26.59,2024-07-03,Dining Out,Sushi Bar,want
32.39,2024-07-03,Entertainment,Cinema Tickets,want
301.71,2024-07-03,Travel,Hotel Stay,want
101.68,2024-07-04,Health,Doctor Visit,need
36.13,2024-07-06,Transportation,Bus Pass Kiosk,need
32.91,2024-07-06,Personal Care,Pharmacy,need
11.72,2024-07-07,Personal Care,Spa Center,want
14.17,2024-07-08,Entertainment,Streaming Service Subscription,want
31.96,2024-07-09,Dining Out,Fast Food Z,want
92.63,2024-07-10,Health,Gym Membership,need
109.67,2024-07-10,Utilities,Internet Provider,need
7.9,2024-07-10,Dining Out,Coffee Shop Downtown,want
137.79,2024-07-11,Shopping,Clothing Store Sale,need
19.91,2024-07-12,Dining Out,Coffee Shop Downtown,want
102.78,2024-07-13,Health,Doctor Visit,need
443.42,2024-07-13,Travel,Flight Booking,want
269.17,2024-07-13,Travel,Train Ticket,want
29.93,2024-07-13,Health,Therapy Session,need
226.44,2024-07-14,Travel,Hotel Stay,want
128.84,2024-07-14,Health,Doctor Visit,need
26.55,2024-07-14,Health,Gym Membership,need
66.12,2024-07-14,Groceries,Supermarket A,need
235.77,2024-07-15,Travel,Flight Booking,want
12.93,2024-07-15,Entertainment,Concert Venue,want
28.62,2024-07-15,Transportation,Bus Pass Kiosk,need
185.89,2024-07-15,Education,Online Course,need
57.84,2024-07-15,Health,Gym Membership,need
333.28,2024-07-15,Travel,Hotel Stay,want
56.24,2024-07-16,Education,Workshop Fee,need
66.32,2024-07-20,Groceries,Grocery Store B,need
160.36,2024-07-20,Shopping,Home Decor,want
10.96,2024-07-20,Transportation,Bus Pass Kiosk,need
73.43,2024-07-20,Entertainment,Streaming Service Subscription,want
56.32,2024-07-21,Transportation,Petrol Station,need
71.91,2024-07-21,Utilities,Internet Provider,need
165.45,2024-07-21,Travel,Hotel Stay,want
18.22,2024-07-21,Transportation,Ride Sharing App,need
233.89,2024-07-22,Education,Bookstore,want
75.82,2024-07-23,Education,Online Course,need
11.21,2024-07-23,Dining Out,Fast Food Z,want
11.67,2024-07-25,Transportation,Ride Sharing App,need
36.3,2024-07-27,Entertainment,Cinema Tickets,want
111.93,2024-07-27,Utilities,Electricity Bill,need
40.56,2024-07-28,Transportation,Ride Sharing App,need
134.88,2024-07-29,Utilities,Electricity Bill,need
52.38,2024-07-29,Utilities,Internet Provider,need
82.33,2024-07-30,Entertainment,Streaming Service Subscription,want
85.14,2024-07-30,Utilities,Internet Provider,need
155.88,2024-07-31,Education,Online Course,need
394.55,2024-07-31,Travel,Hotel Stay,want
286.99,2024-08-01,Travel,Train Ticket,want
146.79,2024-08-01,Health,Gym Membership,need
370.15,2024-08-01,Travel,Train Ticket,want
23.75,2024-08-01,Shopping,Clothing Store Sale,need
148.66,2024-08-02,Health,Therapy Session,need
62.24,2024-08-03,Groceries,Local Supermarket,need
83.22,2024-08-03,Groceries,Supermarket A,need
47.83,2024-08-03,Health,Gym Membership,need
54.88,2024-08-03,Transportation,Petrol Station,need
59.38,2024-08-04,Transportation,Bus Pass Kiosk,need
260.84,2024-08-04,Travel,Train Ticket,want
37.92,2024-08-04,Utilities,Electricity Bill,need
76.76,2024-08-05,Personal Care,Spa Center,want
135.28,2024-08-05,Utilities,Electricity Bill,need
53.11,2024-08-08,Transportation,Petrol Station,need
48.21,2024-08-08,Transportation,Bus Pass Kiosk,need
38.1,2024-08-10,Entertainment,Streaming Service Subscription,want
93.91,2024-08-11,Health,Gym Membership,need
52.98,2024-08-11,Health,Gym Membership,need
32.94,2024-08-11,Transportation,Ride Sharing App,need
83.01,2024-08-11,Groceries,Supermarket A,need
37.39,2024-08-11,Entertainment,Streaming Service Subscription,want
67.16,2024-08-12,Groceries,Grocery Store B,need
15.03,2024-08-12,Entertainment,Streaming Service Subscription,want
60.83,2024-08-14,Shopping,Home Decor,want
50.17,2024-08-14,Personal Care,Spa Center,want
134.82,2024-08-14,Utilities,Internet Provider,need
49.84,2024-08-15,Education,Online Course,need
49.2,2024-08-15,Shopping,Bookshop,want
128.49,2024-08-15,Travel,Train Ticket,want
26.74,2024-08-15,Shopping,Bookshop,want
57.66,2024-08-15,Transportation,Petrol Station,need
37.45,2024-08-17,Dining Out,Sushi Bar,want
87.74,2024-08-17,Groceries,Supermarket A,need
15.09,2024-08-18,Personal Care,Haircut,want
39.1,2024-08-18,Dining Out,Pizzeria Bella,want
32.91,2024-08-20,Shopping,Online Electronics,want
48.69,2024-08-20,Health,Gym Membership,need
16.23,2024-08-21,Education,Workshop Fee,need
35.44,2024-08-22,Entertainment,Streaming Service Subscription,want
179.94,2024-08-23,Education,Online Course,need
95.36,2024-08-23,Health,Doctor Visit,need
43.04,2024-08-23,Utilities,Internet Provider,need
30.7,2024-08-24,Health,Therapy Session,need
60.25,2024-08-24,Education,Online Course,need
69.27,2024-08-24,Personal Care,Haircut,want
198.51,2024-08-24,Education,Online Course,need
63.78,2024-08-25,Groceries,Grocery Store B,need
38.49,2024-08-26,Personal Care,Pharmacy,need
10.48,2024-08-26,Transportation,Petrol Station,need
280.97,2024-08-27,Travel,Hotel Stay,want
13.42,2024-08-29,Dining Out,Coffee Shop Downtown,want
8.77,2024-08-29,Personal Care,Haircut,want
424.75,2024-08-29,Travel,Train Ticket,want
446.65,2024-08-30,Travel,Train Ticket,want
17.09,2024-08-30,Dining Out,Fast Food Z,want
62.97,2024-08-30,Shopping,Home Decor,want
94.91,2024-08-30,Education,Online Course,need
38.24,2024-08-31,Personal Care,Haircut,want
35.31,2024-08-31,Dining Out,Pizzeria Bella,want
55.94,2024-08-31,Groceries,Supermarket A,need
12.38,2024-08-31,Transportation,Bus Pass Kiosk,need
217.38,2024-08-31,Education,Bookstore,want
42.36,2024-09-01,Utilities,Water Bill,need
111.51,2024-09-01,Education,Workshop Fee,need
63.89,2024-09-01,Health,Therapy Session,need
8.08,2024-09-02,Dining Out,Fast Food Z,want
49.38,2024-09-02,Entertainment,Streaming Service Subscription,want
20.73,2024-09-02,Transportation,Ride Sharing App,need
10.7,2024-09-05,Entertainment,Streaming Service Subscription,want
98.52,2024-09-05,Entertainment,Concert Venue,want
140.78,2024-09-07,Utilities,Internet Provider,need
141.72,2024-09-07,Health,Gym Membership,need
16.82,2024-09-07,Dining Out,Fast Food Z,want
169.91,2024-09-08,Shopping,Online Electronics,want
79.52,2024-09-08,Health,Gym Membership,need
149.93,2024-09-08,Health,Doctor Visit,need
143.94,2024-09-08,Travel,Hotel Stay,want
54.8,2024-09-09,Personal Care,Spa Center,want
50.85,2024-09-09,Shopping,Clothing Store Sale,need
131.71,2024-09-10,Utilities,Water Bill,need
129.59,2024-09-10,Health,Therapy Session,need
44.58,2024-09-10,Personal Care,Spa Center,want
118.54,2024-09-11,Utilities,Electricity Bill,need
125.59,2024-09-11,Health,Gym Membership,need
103.73,2024-09-12,Groceries,Local Supermarket,need
61.33,2024-09-13,Utilities,Water Bill,need
37.0,2024-09-13,Health,Doctor Visit,need
45.84,2024-09-13,Education,Online Course,need
74.09,2024-09-14,Travel,Flight Booking,want
35.12,2024-09-14,Shopping,Online Electronics,want
9.75,2024-09-14,Personal Care,Haircut,want
63.2,2024-09-15,Groceries,Local Supermarket,need
96.56,2024-09-15,Shopping,Home Decor,want
129.21,2024-09-15,Education,Online Course,need
94.03,2024-09-16,Utilities,Internet Provider,need
253.66,2024-09-16,Travel,Hotel Stay,want
119.16,2024-09-18,Groceries,Grocery Store B,need
46.88,2024-09-19,Education,Workshop Fee,need
10.87,2024-09-19,Entertainment,Cinema Tickets,want
31.86,2024-09-20,Transportation,Petrol Station,need
184.74,2024-09-20,Travel,Hotel Stay,want
31.49,2024-09-21,Dining Out,Lunch Cafe,want
14.34,2024-09-21,Entertainment,Concert Venue,want
23.59,2024-09-21,Groceries,Grocery Store B,need
179.96,2024-09-21,Shopping,Clothing Store Sale,need
56.62,2024-09-21,Health,Therapy Session,need
153.62,2024-09-22,Education,Bookstore,want
67.73,2024-09-22,Personal Care,Spa Center,want
30.86,2024-09-23,Dining Out,Lunch Cafe,want
143.75,2024-09-24,Education,Workshop Fee,need
13.35,2024-09-24,Transportation,Petrol Station,need
31.21,2024-09-25,Education,Online Course,need
81.63,2024-09-26,Groceries,Grocery Store B,need
39.02,2024-09-26,Groceries,Grocery Store B,need
36.25,2024-09-27,Groceries,Supermarket A,need
72.29,2024-09-27,Shopping,Bookshop,want
85.43,2024-09-28,Entertainment,Concert Venue,want
191.43,2024-09-28,Travel,Flight Booking,want
479.45,2024-09-29,Travel,Flight Booking,want
79.83,2024-09-30,Travel,Flight Booking,want
27.86,2024-09-30,Health,Gym Membership,need
149.37,2024-10-01,Shopping,Home Decor,want
55.09,2024-10-01,Entertainment,Streaming Service Subscription,want
53.89,2024-10-01,Transportation,Bus Pass Kiosk,need
109.32,2024-10-01,Education,Online Course,need
36.69,2024-10-01,Health,Doctor Visit,need
110.81,2024-10-01,Groceries,Grocery Store B,need
73.19,2024-10-02,Personal Care,Spa Center,want
21.19,2024-10-02,Personal Care,Pharmacy,need
36.13,2024-10-03,Personal Care,Spa Center,want
20.37,2024-10-03,Personal Care,Haircut,want
163.85,2024-10-03,Education,Online Course,need
103.37,2024-10-04,Health,Therapy Session,need
49.76,2024-10-05,Groceries,Local Supermarket,need
15.5,2024-10-05,Dining Out,Fast Food Z,want
193.32,2024-10-06,Shopping,Clothing Store Sale,need
54.21,2024-10-06,Transportation,Bus Pass Kiosk,need
52.47,2024-10-06,Transportation,Bus Pass Kiosk,need
58.78,2024-10-07,Personal Care,Haircut,want
14.85,2024-10-08,Dining Out,Sushi Bar,want
19.04,2024-10-08,Dining Out,Lunch Cafe,want
42.5,2024-10-08,Health,Therapy Session,need
69.19,2024-10-09,Education,Bookstore,want
47.98,2024-10-10,Utilities,Internet Provider,need
51.39,2024-10-10,Transportation,Bus Pass Kiosk,need
40.3,2024-10-10,Transportation,Ride Sharing App,need
53.48,2024-10-11,Entertainment,Cinema Tickets,want
35.3,2024-10-12,Transportation,Bus Pass Kiosk,need
28.81,2024-10-13,Health,Doctor Visit,need
77.33,2024-10-13,Utilities,Internet Provider,need
147.64,2024-10-14,Utilities,Internet Provider,need
414.01,2024-10-15,Travel,Hotel Stay,want
19.75,2024-10-15,Dining Out,Pizzeria Bella,want
42.06,2024-10-15,Shopping,Home Decor,want
35.64,2024-10-17,Personal Care,Pharmacy,need
45.28,2024-10-17,Health,Gym Membership,need
72.13,2024-10-17,Entertainment,Cinema Tickets,want
49.11,2024-10-18,Health,Doctor Visit,need
44.5,2024-10-18,Personal Care,Pharmacy,need
52.73,2024-10-18,Entertainment,Cinema Tickets,want
232.5,2024-10-19,Education,Bookstore,want
422.56,2024-10-20,Travel,Hotel Stay,want
57.35,2024-10-20,Utilities,Electricity Bill,need
44.05,2024-10-20,Entertainment,Cinema Tickets,want
25.31,2024-10-20,Transportation,Bus Pass Kiosk,need
20.63,2024-10-20,Transportation,Bus Pass Kiosk,need
55.29,2024-10-21,Transportation,Ride Sharing App,need
36.32,2024-10-21,Entertainment,Cinema Tickets,want
53.49,2024-10-22,Health,Therapy Session,need
118.44,2024-10-22,Utilities,Electricity Bill,need
39.06,2024-10-23,Transportation,Petrol Station,need
30.21,2024-10-24,Health,Doctor Visit,need
15.44,2024-10-24,Dining Out,Lunch Cafe,want
55.26,2024-10-25,Personal Care,Pharmacy,need
59.49,2024-10-25,Entertainment,Cinema Tickets,want
30.11,2024-10-26,Transportation,Bus Pass Kiosk,need
172.4,2024-10-26,Education,Online Course,need
33.99,2024-10-26,Utilities,Electricity Bill,need
149.79,2024-10-26,Shopping,Clothing Store Sale,need
41.86,2024-10-27,Groceries,Supermarket A,need
15.02,2024-10-27,Dining Out,Fast Food Z,want
89.2,2024-10-27,Education,Bookstore,want
114.94,2024-10-28,Utilities,Electricity Bill,need
23.39,2024-10-29,Shopping,Clothing Store Sale,need
19.36,2024-10-29,Dining Out,Sushi Bar,want
218.24,2024-10-30,Education,Workshop Fee,need
46.35,2024-10-30,Personal Care,Pharmacy,need
82.74,2024-10-31,Utilities,Electricity Bill,need
15.32,2024-11-01,Dining Out,Pizzeria Bella,want
34.74,2024-11-01,Entertainment,Concert Venue,want
87.8,2024-11-01,Education,Online Course,need
27.3,2024-11-02,Dining Out,Pizzeria Bella,want
69.54,2024-11-02,Entertainment,Concert Venue,want
138.04,2024-11-02,Utilities,Water Bill,need
45.29,2024-11-02,Personal Care,Haircut,want
110.76,2024-11-02,Health,Doctor Visit,need
58.11,2024-11-03,Transportation,Bus Pass Kiosk,need
119.57,2024-11-03,Groceries,Grocery Store B,need
89.61,2024-11-04,Utilities,Electricity Bill,need
110.56,2024-11-05,Groceries,Supermarket A,need
247.2,2024-11-06,Travel,Flight Booking,want
211.65,2024-11-06,Travel,Hotel Stay,want
37.07,2024-11-08,Transportation,Ride Sharing App,need
75.82,2024-11-08,Health,Doctor Visit,need
103.84,2024-11-08,Travel,Hotel Stay,want
170.99,2024-11-09,Shopping,Clothing Store Sale,need
58.87,2024-11-09,Transportation,Ride Sharing App,need
80.12,2024-11-10,Shopping,Online Electronics,want
53.32,2024-11-10,Transportation,Bus Pass Kiosk,need
25.69,2024-11-10,Dining Out,Pizzeria Bella,want
71.28,2024-11-10,Entertainment,Streaming Service Subscription,want
229.81,2024-11-10,Travel,Flight Booking,want
121.96,2024-11-11,Utilities,Water Bill,need
88.98,2024-11-13,Utilities,Internet Provider,need
360.93,2024-11-14,Travel,Flight Booking,want
34.97,2024-11-14,Personal Care,Spa Center,want
329.11,2024-11-15,Travel,Flight Booking,want
40.25,2024-11-15,Education,Bookstore,want
34.81,2024-11-15,Shopping,Online Electronics,want
113.12,2024-11-15,Groceries,Local Supermarket,need
20.69,2024-11-15,Groceries,Local Supermarket,need
82.26,2024-11-16,Entertainment,Concert Venue,want
20.71,2024-11-17,Health,Doctor Visit,need
283.21,2024-11-17,Travel,Flight Booking,want
69.63,2024-11-18,Entertainment,Streaming Service Subscription,want
61.01,2024-11-18,Entertainment,Cinema Tickets,want
170.97,2024-11-19,Education,Workshop Fee,need
26.12,2024-11-19,Groceries,Local Supermarket,need
111.08,2024-11-20,Utilities,Water Bill,need
213.55,2024-11-21,Education,Online Course,need
158.07,2024-11-21,Shopping,Online Electronics,want
40.51,2024-11-21,Health,Doctor Visit,need
23.07,2024-11-22,Transportation,Ride Sharing App,need
29.75,2024-11-22,Dining Out,Lunch Cafe,want
301.77,2024-11-22,Travel,Train Ticket,want
32.14,2024-11-23,Groceries,Supermarket A,need
143.46,2024-11-23,Health,Gym Membership,need
127.25,2024-11-24,Shopping,Bookshop,want
361.47,2024-11-25,Travel,Train Ticket,want
5.65,2024-11-26,Personal Care,Spa Center,want
49.6,2024-11-26,Transportation,Ride Sharing App,need
161.09,2024-11-27,Shopping,Online Electronics,want
56.71,2024-11-28,Transportation,Bus Pass Kiosk,need
126.1,2024-11-29,Utilities,Internet Provider,need
96.41,2024-11-30,Health,Doctor Visit,need
48.42,2024-11-30,Transportation,Bus Pass Kiosk,need
80.39,2024-11-30,Travel,Hotel Stay,want
132.62,2024-11-30,Utilities,Water Bill,need
56.58,2024-12-01,Transportation,Petrol Station,need
88.01,2024-12-01,Health,Doctor Visit,need
116.54,2024-12-01,Health,Doctor Visit,need
50.15,2024-12-01,Travel,Flight Booking,want
49.76,2024-12-01,Transportation,Bus Pass Kiosk,need
10.11,2024-12-02,Entertainment,Concert Venue,want
57.5,2024-12-02,Utilities,Internet Provider,need
81.58,2024-12-04,Entertainment,Cinema Tickets,want
131.09,2024-12-04,Utilities,Electricity Bill,need
30.13,2024-12-05,Dining Out,Pizzeria Bella,want
50.16,2024-12-06,Entertainment,Cinema Tickets,want
65.46,2024-12-06,Personal Care,Haircut,want
56.1,2024-12-07,Personal Care,Pharmacy,need
32.59,2024-12-07,Dining Out,Sushi Bar,want
456.02,2024-12-07,Travel,Train Ticket,want
44.01,2024-12-07,Shopping,Bookshop,want
198.13,2024-12-08,Travel,Hotel Stay,want
34.15,2024-12-09,Groceries,Supermarket A,need
29.52,2024-12-09,Dining Out,Sushi Bar,want
142.41,2024-12-09,Health,Gym Membership,need
50.66,2024-12-12,Travel,Flight Booking,want
14.13,2024-12-12,Dining Out,Fast Food Z,want
6.49,2024-12-14,Dining Out,Fast Food Z,want
5.76,2024-12-14,Dining Out,Lunch Cafe,want
38.21,2024-12-15,Education,Bookstore,want
182.12,2024-12-15,Travel,Flight Booking,want
74.45,2024-12-15,Entertainment,Streaming Service Subscription,want
59.38,2024-12-16,Personal Care,Spa Center,want
55.93,2024-12-16,Transportation,Bus Pass Kiosk,need
101.65,2024-12-16,Shopping,Clothing Store Sale,need
108.92,2024-12-17,Groceries,Grocery Store B,need
71.95,2024-12-18,Entertainment,Streaming Service Subscription,want
62.69,2024-12-19,Entertainment,Concert Venue,want
17.46,2024-12-20,Transportation,Bus Pass Kiosk,need
16.23,2024-12-20,Entertainment,Streaming Service Subscription,want
53.67,2024-12-21,Health,Gym Membership,need
87.75,2024-12-21,Groceries,Grocery Store B,need
126.25,2024-12-21,Travel,Hotel Stay,want
99.66,2024-12-21,Health,Gym Membership,need
40.27,2024-12-21,Groceries,Supermarket A,need
177.36,2024-12-22,Shopping,Online Electronics,want
8.45,2024-12-22,Dining Out,Sushi Bar,want
49.54,2024-12-22,Entertainment,Cinema Tickets,want
232.81,2024-12-22,Education,Workshop Fee,need
27.64,2024-12-23,Personal Care,Spa Center,want
317.33,2024-12-23,Travel,Train Ticket,want
59.73,2024-12-24,Groceries,Local Supermarket,need
34.99,2024-12-25,Dining Out,Sushi Bar,want
30.32,2024-12-26,Utilities,Electricity Bill,need
107.93,2024-12-27,Education,Online Course,need
31.08,2024-12-27,Personal Care,Spa Center,want
35.39,2024-12-28,Dining Out,Coffee Shop Downtown,want
42.79,2024-12-28,Transportation,Bus Pass Kiosk,need
91.65,2024-12-28,Groceries,Supermarket A,need
59.21,2024-12-28,Transportation,Petrol Station,need
143.23,2024-12-29,Shopping,Bookshop,want
63.85,2024-12-29,Education,Bookstore,want
56.66,2024-12-30,Groceries,Grocery Store B,need
41.15,2024-12-30,Entertainment,Streaming Service Subscription,want
27.1,2024-12-30,Dining Out,Fast Food Z,want
102.07,2024-12-30,Groceries,Grocery Store B,need
20.63,2024-12-30,Dining Out,Pizzeria Bella,want
41.72,2024-12-30,Utilities,Internet Provider,need
283.52,2024-12-31,Travel,Flight Booking,want
95.44,2025-01-01,Health,Gym Membership,need
129.88,2025-01-01,Health,Doctor Visit,need
28.61,2025-01-01,Personal Care,Spa Center,want
125.63,2025-01-01,Utilities,Water Bill,need
65.04,2025-01-01,Utilities,Internet Provider,need
51.13,2025-01-02,Health,Doctor Visit,need
29.53,2025-01-02,Entertainment,Concert Venue,want
90.72,2025-01-02,Entertainment,Streaming Service Subscription,want
104.81,2025-01-04,Shopping,Online Electronics,want
63.32,2025-01-04,Entertainment,Concert Venue,want
24.17,2025-01-04,Personal Care,Haircut,want
34.92,2025-01-04,Transportation,Bus Pass Kiosk,need
33.26,2025-01-05,Transportation,Ride Sharing App,need
75.23,2025-01-08,Education,Bookstore,want
21.74,2025-01-09,Dining Out,Sushi Bar,want
79.05,2025-01-09,Entertainment,Cinema Tickets,want
156.63,2025-01-10,Shopping,Clothing Store Sale,need
221.27,2025-01-10,Travel,Hotel Stay,want
68.06,2025-01-10,Utilities,Internet Provider,need
120.92,2025-01-11,Utilities,Water Bill,need
477.31,2025-01-11,Travel,Train Ticket,want
96.47,2025-01-11,Groceries,Local Supermarket,need
132.54,2025-01-12,Health,Gym Membership,need
12.21,2025-01-12,Personal Care,Spa Center,want
110.4,2025-01-13,Health,Therapy Session,need
30.63,2025-01-14,Dining Out,Fast Food Z,want
11.16,2025-01-14,Dining Out,Fast Food Z,want
30.84,2025-01-15,Groceries,Grocery Store B,need
60.06,2025-01-15,Utilities,Water Bill,need
447.12,2025-01-15,Travel,Flight Booking,want
10.99,2025-01-15,Dining Out,Fast Food Z,want
241.11,2025-01-16,Education,Online Course,need
58.48,2025-01-16,Groceries,Grocery Store B,need
48.62,2025-01-16,Personal Care,Haircut,want
103.48,2025-01-17,Travel,Flight Booking,want
36.85,2025-01-17,Dining Out,Coffee Shop Downtown,want
41.58,2025-01-17,Personal Care,Pharmacy,need
45.09,2025-01-18,Transportation,Petrol Station,need
36.28,2025-01-18,Personal Care,Pharmacy,need
69.24,2025-01-19,Groceries,Local Supermarket,need
28.15,2025-01-19,Transportation,Petrol Station,need
423.82,2025-01-19,Travel,Flight Booking,want
232.87,2025-01-19,Travel,Hotel Stay,want
318.78,2025-01-19,Travel,Flight Booking,want
60.0,2025-01-21,Personal Care,Spa Center,want
17.88,2025-01-23,Dining Out,Fast Food Z,want
36.75,2025-01-24,Health,Gym Membership,need
56.1,2025-01-24,Transportation,Ride Sharing App,need
213.26,2025-01-25,Education,Online Course,need
50.25,2025-01-26,Travel,Hotel Stay,want
21.5,2025-01-26,Entertainment,Concert Venue,want
62.93,2025-01-26,Personal Care,Spa Center,want
52.22,2025-01-26,Entertainment,Concert Venue,want
105.93,2025-01-27,Shopping,Clothing Store Sale,need
158.38,2025-01-27,Shopping,Bookshop,want
27.87,2025-01-27,Education,Workshop Fee,need
119.27,2025-01-29,Education,Bookstore,want
277.09,2025-01-29,Travel,Hotel Stay,want
104.73,2025-01-30,Travel,Flight Booking,want
66.93,2025-01-30,Entertainment,Cinema Tickets,want
65.7,2025-01-30,Entertainment,Streaming Service Subscription,want
36.2,2025-01-30,Personal Care,Spa Center,want
25.66,2025-01-30,Shopping,Home Decor,want
33.36,2025-01-31,Groceries,Grocery Store B,need
22.72,2025-02-01,Transportation,Ride Sharing App,need
25.23,2025-02-02,Entertainment,Concert Venue,want
96.82,2025-02-02,Entertainment,Concert Venue,want
46.68,2025-02-03,Entertainment,Concert Venue,want
198.87,2025-02-03,Education,Workshop Fee,need
66.82,2025-02-03,Entertainment,Streaming Service Subscription,want
29.62,2025-02-04,Transportation,Ride Sharing App,need
99.75,2025-02-04,Utilities,Internet Provider,need
115.87,2025-02-05,Education,Workshop Fee,need
41.96,2025-02-05,Transportation,Ride Sharing App,need
58.29,2025-02-06,Groceries,Supermarket A,need
161.54,2025-02-07,Shopping,Clothing Store Sale,need
35.73,2025-02-08,Transportation,Petrol Station,need
140.61,2025-02-09,Education,Online Course,need
305.21,2025-02-09,Travel,Hotel Stay,want
86.48,2025-02-12,Utilities,Water Bill,need
106.61,2025-02-12,Utilities,Electricity Bill,need
134.2,2025-02-13,Health,Gym Membership,need
100.92,2025-02-15,Groceries,Supermarket A,need
48.97,2025-02-15,Personal Care,Spa Center,want
114.4,2025-02-15,Groceries,Supermarket A,need
168.83,2025-02-15,Education,Online Course,need
464.75,2025-02-16,Travel,Train Ticket,want
136.76,2025-02-16,Health,Doctor Visit,need
88.78,2025-02-16,Groceries,Grocery Store B,need
55.37,2025-02-17,Entertainment,Streaming Service Subscription,want
393.42,2025-02-17,Travel,Flight Booking,want
93.5,2025-02-18,Health,Gym Membership,need
51.37,2025-02-19,Travel,Flight Booking,want
141.56,2025-02-20,Utilities,Internet Provider,need
15.7,2025-02-22,Transportation,Ride Sharing App,need
32.71,2025-02-22,Education,Workshop Fee,need
390.19,2025-02-23,Travel,Train Ticket,want
22.29,2025-02-23,Health,Doctor Visit,need
117.09,2025-02-23,Shopping,Home Decor,want
36.87,2025-02-23,Transportation,Bus Pass Kiosk,need
112.15,2025-02-23,Utilities,Electricity Bill,need
271.78,2025-02-25,Travel,Hotel Stay,want
48.5,2025-02-25,Entertainment,Cinema Tickets,want
24.94,2025-02-26,Shopping,Bookshop,want
14.72,2025-02-27,Dining Out,Lunch Cafe,want
78.61,2025-02-27,Shopping,Home Decor,want
41.25,2025-03-01,Personal Care,Haircut,want
107.41,2025-03-01,Groceries,Grocery Store B,need
125.46,2025-03-01,Health,Therapy Session,need
66.83,2025-03-02,Education,Online Course,need
79.29,2025-03-02,Shopping,Online Electronics,want
23.87,2025-03-02,Entertainment,Concert Venue,want
113.98,2025-03-03,Shopping,Online Electronics,want
26.46,2025-03-04,Dining Out,Lunch Cafe,want
29.4,2025-03-04,Personal Care,Pharmacy,need
218.34,2025-03-04,Education,Bookstore,want
68.63,2025-03-05,Personal Care,Haircut,want
32.41,2025-03-06,Transportation,Ride Sharing App,need
86.12,2025-03-08,Entertainment,Streaming Service Subscription,want
101.34,2025-03-08,Shopping,Online Electronics,want
56.63,2025-03-08,Entertainment,Concert Venue,want
65.39,2025-03-08,Groceries,Supermarket A,need
67.81,2025-03-08,Utilities,Water Bill,need
133.25,2025-03-09,Education,Bookstore,want
82.13,2025-03-09,Entertainment,Concert Venue,want
82.4,2025-03-10,Utilities,Internet Provider,need
73.11,2025-03-10,Utilities,Electricity Bill,need
46.43,2025-03-10,Transportation,Ride Sharing App,need
13.39,2025-03-12,Personal Care,Haircut,want
30.07,2025-03-13,Entertainment,Cinema Tickets,want
142.28,2025-03-13,Travel,Hotel Stay,want
42.62,2025-03-14,Transportation,Petrol Station,need
198.95,2025-03-14,Education,Workshop Fee,need
94.14,2025-03-15,Utilities,Water Bill,need
63.02,2025-03-15,Entertainment,Cinema Tickets,want
27.53,2025-03-15,Education,Workshop Fee,need
78.87,2025-03-16,Personal Care,Haircut,want
457.91,2025-03-16,Travel,Hotel Stay,want
78.75,2025-03-16,Entertainment,Cinema Tickets,want
77.06,2025-03-17,Groceries,Supermarket A,need
62.08,2025-03-17,Health,Doctor Visit,need
35.05,2025-03-18,Transportation,Petrol Station,need
8.49,2025-03-18,Dining Out,Coffee Shop Downtown,want
49.16,2025-03-19,Transportation,Petrol Station,need
163.25,2025-03-20,Shopping,Clothing Store Sale,need
111.69,2025-03-20,Shopping,Online Electronics,want
97.03,2025-03-20,Entertainment,Concert Venue,want
110.8,2025-03-21,Health,Therapy Session,need
109.31,2025-03-21,Utilities,Water Bill,need
6.27,2025-03-22,Dining Out,Coffee Shop Downtown,want
59.03,2025-03-23,Utilities,Internet Provider,need
12.93,2025-03-23,Transportation,Petrol Station,need
381.42,2025-03-23,Travel,Flight Booking,want
12.67,2025-03-23,Transportation,Ride Sharing App,need
76.66,2025-03-23,Entertainment,Concert Venue,want
23.87,2025-03-24,Personal Care,Pharmacy,need
227.9,2025-03-26,Education,Online Course,need
88.7,2025-03-26,Education,Online Course,need
12.28,2025-03-27,Entertainment,Cinema Tickets,want
33.01,2025-03-28,Dining Out,Coffee Shop Downtown,want
8.95,2025-03-29,Dining Out,Fast Food Z,want
66.98,2025-03-29,Personal Care,Pharmacy,need
64.19,2025-03-30,Personal Care,Pharmacy,need
108.43,2025-03-30,Utilities,Internet Provider,need
126.02,2025-03-30,Travel,Hotel Stay,want
47.2,2025-03-30,Groceries,Grocery Store B,need
113.08,2025-03-30,Utilities,Internet Provider,need
103.19,2025-03-31,Groceries,Grocery Store B,need
142.35,2025-04-01,Health,Therapy Session,need
59.16,2025-04-01,Education,Online Course,need
29.62,2025-04-01,Personal Care,Spa Center,want
62.42,2025-04-01,Utilities,Electricity Bill,need
60.14,2025-04-01,Entertainment,Cinema Tickets,want
29.68,2025-04-01,Dining Out,Coffee Shop Downtown,want
100.31,2025-04-02,Education,Bookstore,want
115.81,2025-04-02,Utilities,Electricity Bill,need
103.51,2025-04-02,Groceries,Local Supermarket,need
38.17,2025-04-03,Dining Out,Sushi Bar,want
45.13,2025-04-04,Shopping,Home Decor,want
70.7,2025-04-04,Entertainment,Concert Venue,want
71.1,2025-04-05,Personal Care,Pharmacy,need
141.93,2025-04-05,Shopping,Online Electronics,want
56.08,2025-04-05,Entertainment,Streaming Service Subscription,want
32.14,2025-04-06,Transportation,Bus Pass Kiosk,need
70.43,2025-04-06,Personal Care,Haircut,want
55.33,2025-04-06,Transportation,Ride Sharing App,need
52.74,2025-04-07,Utilities,Electricity Bill,need
159.46,2025-04-07,Shopping,Home Decor,want
205.5,2025-04-07,Travel,Hotel Stay,want
88.3,2025-04-09,Utilities,Water Bill,need
27.89,2025-04-11,Dining Out,Lunch Cafe,want
26.27,2025-04-11,Education,Workshop Fee,need
16.87,2025-04-12,Transportation,Petrol Station,need
58.59,2025-04-12,Transportation,Bus Pass Kiosk,need
115.63,2025-04-12,Education,Bookstore,want
12.54,2025-04-12,Personal Care,Spa Center,want
14.7,2025-04-13,Personal Care,Spa Center,want
64.2,2025-04-13,Health,Therapy Session,need
10.69,2025-04-15,Transportation,Petrol Station,need
224.01,2025-04-15,Travel,Flight Booking,want
40.44,2025-04-15,Transportation,Petrol Station,need
93.54,2025-04-15,Health,Gym Membership,need
92.98,2025-04-15,Entertainment,Streaming Service Subscription,want
86.81,2025-04-15,Health,Therapy Session,need
18.33,2025-04-16,Education,Bookstore,want
124.31,2025-04-17,Health,Doctor Visit,need
149.71,2025-04-17,Health,Doctor Visit,need
136.85,2025-04-18,Shopping,Bookshop,want
6.55,2025-04-19,Dining Out,Pizzeria Bella,want
50.58,2025-04-19,Entertainment,Streaming Service Subscription,want
139.0,2025-04-19,Health,Doctor Visit,need
55.32,2025-04-19,Transportation,Ride Sharing App,need
196.36,2025-04-20,Shopping,Online Electronics,want
36.81,2025-04-20,Utilities,Water Bill,need
47.74,2025-04-20,Utilities,Electricity Bill,need
45.17,2025-04-20,Utilities,Water Bill,need
77.26,2025-04-20,Shopping,Clothing Store Sale,need
37.5,2025-04-22,Groceries,Grocery Store B,need
68.03,2025-04-22,Personal Care,Haircut,want
34.0,2025-04-23,Transportation,Ride Sharing App,need
13.2,2025-04-23,Transportation,Bus Pass Kiosk,need
132.56,2025-04-25,Health,Therapy Session,need
112.71,2025-04-25,Groceries,Supermarket A,need
33.27,2025-04-26,Dining Out,Fast Food Z,want
92.61,2025-04-26,Travel,Flight Booking,want
108.53,2025-04-26,Utilities,Water Bill,need
123.12,2025-04-27,Utilities,Internet Provider,need
69.77,2025-04-27,Entertainment,Cinema Tickets,want
60.64,2025-04-27,Groceries,Local Supermarket,need
108.0,2025-04-27,Health,Therapy Session,need
87.68,2025-04-27,Groceries,Supermarket A,need
124.09,2025-04-28,Health,Gym Membership,need
69.01,2025-04-28,Personal Care,Spa Center,want
241.66,2025-04-29,Education,Online Course,need
64.1,2025-04-29,Groceries,Grocery Store B,need
141.59,2025-04-30,Health,Gym Membership,need
31.5,2025-04-30,Groceries,Supermarket A,need
144.63,2025-04-30,Shopping,Online Electronics,want
119.1,2025-05-01,Groceries,Supermarket A,need
44.92,2025-05-01,Personal Care,Spa Center,want
27.24,2025-05-01,Dining Out,Coffee Shop Downtown,want
64.66,2025-05-03,Shopping,Home Decor,want
40.64,2025-05-03,Entertainment,Cinema Tickets,want
37.52,2025-05-04,Dining Out,Pizzeria Bella,want
167.94,2025-05-04,Education,Workshop Fee,need
